--17.02.2026
--tund nr 1

-- teeme andmebaasi e db
create database IKT25tar

--andmebaasi valimine
use IKT25tar

--andmebaasi kustutamine koodiga
--otsida kood ¸lesse
drop database IKT25tar

--teeme uuesti andmebaasi IKT25tar
create database IKT25tar

--teeme tabeli
create table Gender
(
--Meil on muutuja Id,
--mis on t‰isarv andmet¸¸p,
--kui sisestad andmed, 
--siis see veerg peab olema t‰idetud,
--tegemist on primaarvtmega
Id int not null primary key,
--veeru nimi on Gender,
--10 t‰hem‰rki on max pikkus,
--andmed peavad olema sisestatud e 
--ei tohi olla t¸hi
Gender nvarchar(10) not null
)

--andmete sisestamine Gender tabelisse
--proovige ise teha
-- Id = 1, Gender = Male
-- Id = 2, Gender = Female
insert into Gender (Id, Gender)
values (1, 'Male'),
(2, 'Female')

--vaatame tabeli sisu
-- * t‰hendab, et n‰ita kike seal sees olevat infot
select * from Gender

--teeme tabeli nimega Person
--veeru nimed: Id int not null primary key,
-- Name nvarchar (30)
-- Email nvarchar (30)
--GenderId int
create table Person
(
Id int not null primary key,
Name nvarchar(30),
Email nvarchar(30),
GenderId int
)

--18.02.2026
--tund nr 2

insert into Person (Id, Name, Email, GenderId)
values (1, 'Superman', 's@s.com', 2),
(2, 'Wonderwoman', 'w@w.com', 1),
(3, 'Batman', 'b@b.com', 2),
(4, 'Aquaman', 'a@a.com', 2),
(5, 'Catwoman', 'c@c.com', 1),
(6, 'Antman', 'ant"ant.com', 2),
(8, NULL, NULL, 2)

--n‰en tabelis olevat infot
select * from Person

--vrvtme ¸henduse loomine kahe tabeli vahel
alter table Person add constraint tblPerson_GenderId_FK
foreign key (GenderId) references Gender(Id)

-- kui sisestad uue rea andmeid ja ei ole sisestanud GenderId alla 
-- v‰‰rtust, siis automaatselt sisestab sellele reale v‰‰rtuse 3
-- e unknown
alter table Person
add constraint DF_Persons_GenderId
default 3 for GenderId

insert into Gender (Id, Gender)
values (3, 'Unknown')

insert into Person (Id, Name, Email, GenderId)
values (7, 'Black Panther', 'b@b.com', NULL)

insert into Person (Id, Name, Email)
values (9, 'Spiderman', 'spider@man.com')

select * from Person

--piirnagu kustutamine
alter table Person
drop constraint DF_Persons_GenderId

--kuidas lisada veergu tabelile Person
--veeru nimi on Age nvarchar(10)
alter table Person
add Age nvarchar(10)

alter table Person
add constraint CK_Person_Age check (Age > 0 and Age < 155)

-- kuidas uuendada andemeid
update Person
set Age = 159
where Id = 7

select * from Person

--soovin kustutada ¸he rea
-- kuidas seda teha????
delete from Person where Id = 8

select * from Person

--lisame uue veeru City nvarchar(50)
alter table Person
add City nvarchar(50)

--kik, kes elavad Gothami linnas
select * from Person where City = 'Gotham'
-- k]ik, kes ei ela Gothamis
select * from Person where City != 'Gotham'
-- variant nr 2. K]ik, kes ei ela Gothamis
select * from Person where City <> 'Gotham'

--n‰itab teatud vanusega inimesi
-- valime 151, 35, 26
select * from Person where Age in (151, 35, 26)
select * from Person where Age = 151 or Age = 35 or Age = 26

-- soovin n‰ha inimesi vahemikus 22 kuni 41
select * from Person where Age between 22 and 41

--wildcard e n‰itab kik g-t‰hega linnad
select * from Person where City like 'g%'
--otsib emailid @-m‰rgiga
select * from Person where Email like '%@%'

--tahan n‰ha, kellel on emailis ees ja peale @-m‰rki ¸ks t‰ht
select * from Person where Email like '_@_.com'

--kik, kelle nimes ei ole esimene t‰ht W, A, S
select * from Person where Name like '[^WAS]%'

--k]ik, kes elavad Gothamis ja New Yorkis
select * from Person where (City = 'Gotham' or City = 'New York')

-- k]ik, kes elavad Gothamis ja New Yorkis ning peavad olema 
-- vanemad, kui 29
select * from Person where (City = 'Gotham' or City = 'New York')
and Age >= 30

--kuvab t‰hestikulises j‰rjekorras inimesi ja vtab aluseks 
-- Name veeru
select * from Person
select * from Person order by Name

--vtab kolm esimest rida Person tabelist
select top 3 * from Person

--tund 3
--25.02.2026
--kolm esimest, aga tabeli j‰rjestus on Age ja siis Name
select top 3 Age, Name from Person

--n‰ita esimesed 50% tabelist
select top 50 percent * from Person
select * from Person

--j‰rjestab vanuse j‰rgi isikud
select * from Person order by Age desc

--muudab Age muutuja int-ks ja n‰itab vanuselises j‰rjestuses
-- cast abil saab andmet¸¸pi muuta
select * from Person order by cast(Age as int) desc

-- kikide isikute koondvanus e liidab kik kokku
select sum(cast(Age as int)) from Person

--kige noorem isik tuleb ¸les leida
select min(cast(Age as int)) from Person

--kige vanem isik
select max(cast(Age as int)) from Person

--muudame Age muutuja int peale
-- n‰eme konkreetsetes linnades olevate isikute koondvanust
select City, sum(Age) as TotalAge from Person group by City

--kuidas saab koodiga muuta andmet¸¸pi ja selle pikkust
alter table Person 
alter column Name nvarchar(25)

-- kuvab esimeses reas v‰lja toodud j‰rjestuses ja kuvab Age-i 
-- TotalAge-ks
--j‰rjestab City-s olevate nimede j‰rgi ja siis Genderid j‰rgi
--kasutada group by-d ja order by-d
select City, GenderId, sum(Age) as TotalAge from Person
group by City, GenderId
order by City

--n‰itab, et mitu rida andmeid on selles tabelis
select count(*) from Person

--n‰itab tulemust, et mitu inimest on Genderid v‰‰rtusega 2
--konkreetses linnas
--arvutab vanuse kokku selles linnas
select GenderId, City, sum(Age) as TotalAge, count(Id) as 
[Total Person(s)] from Person
where GenderId = '1'
group by GenderId, City

--n‰itab ‰ra inimeste koondvanuse, mis on ¸le 41 a ja
--kui palju neid igas linnas elab
--eristab inimese soo ‰ra
select GenderId, City, sum(Age) as TotalAge, count(Id) as 
[Total Person(s)] from Person
where GenderId = '2'
group by GenderId, City having sum(Age) > 41

--loome tabelid Employees ja Department
create table Department
(
Id int primary key,
DepartmentName nvarchar(50),
Location nvarchar(50),
DepartmentHead nvarchar(50)
)

create table Employees
(
Id int primary key,
Name nvarchar(50),
Gender nvarchar(50),
Salary nvarchar(50),
DepartmentId int
)

insert into Employees (Id, Name, Gender, Salary, DepartmentId)
values (1, 'Tom', 'Male', 4000, 1),
(2, 'Pam', 'Female', 3000, 3),
(3, 'John', 'Male', 3500, 1),
(4, 'Sam', 'Male', 4500, 2),
(5, 'Todd', 'Male', 2800, 2),
(6, 'Ben', 'Male', 7000, 1),
(7, 'Sara', 'Female', 4800, 3),
(8, 'Valarie', 'Female', 5500, 1),
(9, 'James', 'Male', 6500, NULL),
(10, 'Russell', 'Male', 8800, NULL)

insert into Department(Id, DepartmentName, Location, DepartmentHead)
values 
(1, 'IT', 'London', 'Rick'),
(2, 'Payroll', 'Delhi', 'Ron'),
(3, 'HR', 'New York', 'Christie'),
(4, 'Other Department', 'Sydney', 'Cindrella')

select * from Department
select * from Employees

---
select Name, Gender, Salary, DepartmentName
from Employees
left join Department
on Employees.DepartmentId = Department.Id
---

--arvutab k]ikide palgad kokku Employees tabelist
select sum(cast(Salary as int)) from Employees --arvutab kikide palgad kokku
-- kige v‰iksema palga saaja
select min(cast(Salary as int)) from Employees

--n‰itab veerge Location ja Palka. Palga veerg kuvatakse TotalSalary-ks
--teha left join Department tabeliga
--grupitab Locationiga
select Location, sum(cast(Salary as int)) as TotalSalary
from Employees
left join Department
on Employees.DepartmentId = Department.Id
group by Location


-- 4 tund
-- 03.03.26

select * from Employees
select sum(cast(Salary as int)) from Employees  --arvutab kikide palgad kokku

-- lisame veeru City ja pikkus on 30
-- Employees tabelisse lisada
alter table Employees
add City nvarchar(30)

select City, Gender, sum(cast(Salary as int)) as TotalSalary 
from Employees
group by City, Gender

--peaaegu sama p‰ring, aga linnad on t‰hestikulises j‰rjestuses
select City, Gender, sum(cast(Salary as int)) as TotalSalary 
from Employees 
group by City, Gender 
order by City

select * from Employees
--on vaja teada, et mitu inimest on nimekirjas selles tabelis
select count (*) from Employees

--mitu tˆˆtajat on soo ja linna kaupa tˆˆtamas
select City, Gender, sum(cast(Salary as int)) as TotalSalary,
count (Id) as [Total Employee(s)]
from Employees 
group by Gender, City 

--kuvab kas naised vi mehed linnade kaupa
--kasutage where
select City, Gender, sum(cast(Salary as int)) as TotalSalary,
count (Id) as [Total Employee(s)]
from Employees 
where Gender = 'Female'
group by Gender, City 

--sama tulemuse nagu eelmine kord, aga kasutage: having
select City, Gender, sum(cast(Salary as int)) as TotalSalary,
count (Id) as [Total Employee(s)]
from Employees 
group by Gender, City 
having Gender = 'Female'

--kik, kes teenivad rohkem, kui 4000
select * from Employees where sum(cast(Salary as int)) > 4000

--teeme variandi, kus saame tulemuse
select Gender, City, sum(cast(Salary as int)) as TotalSalary,
count (Id) as [Total Employee(s)]
from Employees 
group by Gender, City 
having sum(cast(Salary as int)) > 4000

--loome tabeli, milles hakatakse automaatselt nummerdama Id-d
create table Test1
(
Id int identity(1,1),
Value nvarchar(20)
)

insert into Test1 values('X')
select * from Test1


--5 tund
--04.03.26

--kustutame veeru nimega City Employee tabelist
alter table Employees
drop column City


--inner join 
--kuvab neid, kellel on DepartmentName all olemas v‰‰rtus
--mitte kattuvad read eemaldatakse tulemusest
-- ja sellep‰rast ei n‰idata Jamesi ja Russelit tabelis
--kuna neil on DepartmentId NULL
select Name, Gender, Salary, DepartmentName
from Employees
inner join Department
on Employees.DepartmentId = Department.Id

-- left join
select Name, Gender, Salary, DepartmentName
from Employees
left join Department  --vib kasutada ka LEFT OUTER JOIN-i
on Employees.DepartmentId = Department.Id
--uurige, mis on left join
--n‰itab andmeid, kus vasakpoolsest tabelist isegi, siis kui seal puudub
--vrvtme reas v‰‰rtus

--right join
select Name, Gender, Salary, DepartmentName
from Employees
right join Department  --vib kasutada ka RIGHT OUTER JOIN-i
on Employees.DepartmentId = Department.Id
--right join n‰itab paremas (Department) tabelis olevaid v‰‰rtuseid,
--mis ei ¸hti vasaku (Employees) tabeliga

--outer join
select Name, Gender, Salary, DepartmentName
from Employees
full outer join Department
on Employees.DepartmentId = Department.Id
--mlema tabeli read kuvab

--teha cross join
select Name, Gender, Salary, DepartmentName
from Employees
cross join Department
--korrutab kik omavahel l‰bi

--teha left join, kus Employees tabelist DepartmentId on null
select Name, Gender, Salary, DepartmentName
from Employees
left join Department
on Employees.DepartmentId = Department.Id
where Employees.DepartmentId is null

--teine variant ja sama tulemus
select Name, Gender, Salary, DepartmentName
from Employees
left join Department
on Employees.DepartmentId = Department.Id
where Department.Id is null
-- n‰itab ainult neid, kellel on vasakus tabelis (Employees)
-- DepartmentId null

select Name, Gender, Salary, DepartmentName
from Employees
right join Department
on Employees.DepartmentId = Department.Id
where Employees.DepartmentId is null
--n‰itab ainult paremas tabelis olevat rida, 
--mis ei kattu Employees-ga.

--full join
--mlema tabeli mitte-kattuvate v‰‰rtustega read kuvab v‰lja
select Name, Gender, Salary, DepartmentName
from Employees
full join Department
on Employees.DepartmentId = Department.Id
where Employees.DepartmentId is null
or Department.Id is null

--teete AdventureWorksLT2019 andmebaasile join p'ringuid:
--inner join, left join, right join, cross join ja full join
--tabeleid sellesse andmebaasi juurde ei tohi teha

--Mnikord peab muutuja ette kirjutama tabeli nimetuse nagu on Product.Name,
--et editor saaks aru, et kummma tabeli muutujat soovitakse kasutada ja ei tekiks
--segadust
select Product.Name as [Product Name], ProductNumber, ListPrice, 
ProductModel.Name as [Product Model Name], 
Product.ProductModelId, ProductModel.ProductModelId
--mnikord peab ka tabeli ette kirjutama t‰psustama info
--nagu on SalesLt.Product
from SalesLt.Product
inner join SalesLt.ProductModel
--antud juhul Producti tabelis ProductModelId vrvti,
--mis ProductModeli tabelis on primaarvti
on Product.ProductModelId = ProductModel.ProductModelId

--rida 412
--6 tund
--12.03.26

--isnull funktsiooni kasutamine
select isnull('Ingvar', 'No Manager') as Manager

-- NULL asemel kuvab No Manager
select coalesce(NULL, 'No Manager') as Manager

alter table Employees
add ManagerId int

--neile, kellel ei ole ¸lemust, siis paneb neile No Manager teksti
--kasutage left joini
select  E.Name as Employee, isnull(M.Name, 'No Manager') as Manager
from Employees E
left join Employees M
on E.ManagerId = M.Id

--kasutame inner joini
--kuvab ainult ManagerId all olevate isikute v‰‰rtuseid
select E.Name as Employee, M.Name as Manager
from Employees E
inner join Employees M
on E.ManagerId = M.Id

--kik saavad kikide ¸lemused olla
select E.Name as Employee, M.Name as Manager
from Employees E
cross join Employees M

--lisame Employees tabelisse uued veerud
alter table Employees
add MiddleName nvarchar(30)

alter table Employees
add LastName nvarchar(30)

--muudame olemasoleva veeru nimetust
sp_rename 'Employees.Name', 'FirstName'

update Employees
set FirstName = 'Tom', MiddleName = 'Nick', LastName = 'Jones'
where Id = 1

update Employees
set FirstName = 'Pam', MiddleName = NULL, LastName = 'Anderson'
where Id = 2

update Employees
set FirstName = 'John', MiddleName = NULL, LastName = NULL
where Id = 3

update Employees
set FirstName = 'Sam', MiddleName = NULL, LastName = 'Smith'
where Id = 4

update Employees
set FirstName = NULL, MiddleName = 'Todd', LastName = 'Someone'
where Id = 5

update Employees
set FirstName = 'Ben', MiddleName = 'Ten', LastName = 'Sven'
where Id = 6

update Employees
set FirstName = 'Sara', MiddleName = NULL, LastName = 'Connor'
where Id = 7

update Employees
set FirstName = 'Valarie', MiddleName = 'Balerine', LastName = NULL
where Id = 8

update Employees
set FirstName = 'James', MiddleName = '007', LastName = 'Bond'
where Id = 9

update Employees
set FirstName = NULL, MiddleName = NULL, LastName = 'Crowe'
where Id = 10

--igast reast vtab esimesena t‰idetud lahtri ja kuvab ainult seda
--coalesce
select * from Employees
select Id, coalesce(FirstName, MiddleName, LastName) as Name
from Employees

--loome kaks tabelit
create table IndianCustomers
(
Id int identity(1,1),
Name nvarchar(25),
Email nvarchar(25)
)

create table UKCustomers
(
Id int identity(1,1),
Name nvarchar(25),
Email nvarchar(25)
)

--sisestame tabelisse andmeid
insert into IndianCustomers (Name, Email)
values ('Raj', 'R@R.com'),
('Sam', 'S@S.com')

insert into UKCustomers (Name, Email)
values ('Ben', 'B@B.com'),
('Sam', 'S@S.com')

select * from IndianCustomers
select * from UKCustomers

--kasutame union all, mis n‰itab kiki ridu
--union all ¸hendab tabelid ja n‰itab sisu
select Id, Name, Email from IndianCustomers
union all
select Id, Name, Email from UKCustomers

--korduvate v‰‰rtustega read pannakse ¸hte ja ei korrata
select Id, Name, Email from IndianCustomers
union
select Id, Name, Email from UKCustomers

--kasutad union all, aga sorteerid nime j‰rgi
select Id, Name, Email from IndianCustomers
union all
select Id, Name, Email from UKCustomers
order by Name

--stored procedure
--tavaliselt pannakse nimetuse ette sp, mis t‰hendab stored procedure
create procedure spGetEmployees
as begin
	select FirstName, Gender from Employees
end

--n¸¸d saab kasutada selle nimelist sp-d
spGetEmployees
exec spGetEmployees
execute spGetEmployees

create proc spGetEmployeesByGenderAndDepartment
--@ t‰hendab muutujat
@Gender nvarchar(20),
@DepartmentId int
as begin
	select FirstName, Gender, DepartmentId from Employees where Gender = @Gender
	and DepartmentId = @DepartmentId
end

--kui n¸¸d allolevat k‰sklust k‰ima panna, siis nuab gender parameetrit
spGetEmployeesByGenderAndDepartment

--ige variant
spGetEmployeesByGenderAndDepartment 'Female', 1

--niimoodi saab sp kirja pandud j'rjekorrast mˆˆda minna, kui ise paned muutuja paika
spGetEmployeesByGenderAndDepartment @DepartmentId = 1, @Gender = 'Male'

---saab vaadata sp sisu result vaates
sp_helptext spGetEmployeesByGenderAndDepartment

--kuidas muuta sp-d ja panna sinna v]ti peale, et keegi teine peale teie ei saaks muuta
--kuskile tuleb lisada with encryption
alter proc spGetEmployeesByGenderAndDepartment   
@Gender nvarchar(20),  
@DepartmentId int 
with encryption
as begin  
 select FirstName, Gender, DepartmentId from Employees where Gender = @Gender  
 and DepartmentId = @DepartmentId  
end

--sp tegemine
create proc spGetEmployeeCountByGender
@Gender nvarchar(20),
@EmployeeCount int output
as begin
	select @EmployeeCount = count(Id) from Employees where Gender = @Gender
end

--annab tulemuse, kus loendab ‰ra nuetele vastavad read
--prindib ka tulemuse kirja teel
--tuleb teha declare muutuja @TotlaCount, mis on int
declare @TotalCount int
--execute spGetEmployeeCountByGender sp, kus on parameetrid Male ja TotalCount
execute spGetEmployeeCountByGender 'Male', @TotalCount out
--if ja else, kui TotalCount = 0, siis tuleb tekst TotalCount is null
if(@TotalCount = 0)
	print '@TotalCount is null'
else
	print '@Total is not null'
print @TotalCount
--l]pus kasuta print @TotalCounti puhul

--- 7 tund
--- 17.03.2026
-- n‰itab ‰ra, mitu rida vastab nuetele

-- deklareerime muutuja @TotalCount, mis on int andmet¸¸p
declare @TotalCount int
-- k‰ivitame stored procedure spGetEmployeeCountByGender, kus on parameetrid
-- @EmployeeCount = @TotalCount out ja @Gender 
execute spGetEmployeeCountByGender @EmployeeCount = @TotalCount out, @Gender = 'Female'
--prindib konsooli v‰lja, kui TotalCount on null vi mitte null
print @TotalCount

--sp sisu vaatamine
sp_help spGetEmployeeCountByGender
-- tabeli info vaatamine
sp_help Employees
--kui soovid sp teksti n‰ha
sp_helptext spGetEmployeeCountByGender

-- vaatame, millest sltub meie valitud sp
sp_depends spGetEmployeeCountByGender
-- n‰itab, et sp sltub Employees tabelist, kuna seal on count(Id) 
-- ja Id on Employees tabelis

--vaatame tabelit
sp_depends Employees

--teeme sp, mis annab andmeid Id ja Name veergude kohta Employees tabelis
create proc spGetNameById
@Id int,
@Name nvarchar(20) output
as begin
	select @Id = Id, @Name = FirstName from Employees
end

--annab kogu tabeli ridade arvu
create proc spTotalCount2
@TotalCount int output
as begin
	select @TotalCount = count(Id) from Employees
end

-- on vaja teha uus p‰ring, kus kasutame spTotalCount2 sp-d, 
-- et saada tabeli ridade arv

-- tuleb deklareerida muutuja @TotalCount, mis on int andmet¸¸p
declare @TotalEmployees int
--tuleb execute spTotalCount2, kus on parameeter @TotalEmployees
exec spTotalCount2 @TotalEmployees output
select @TotalEmployees

--mis Id all on keegi nime j‰rgi
create proc spGetNameById1
@Id int,
@FirstName nvarchar(20) output
as begin
	select @FirstName = FirstName from Employees where Id = @Id
end

--annab tulemuse, kus id 1(seda numbrit saab muuta) real on keegi koos nimega
--print tuleb kasutada, et n‰idata tulemust
declare @FirstName nvarchar(20)
execute spGetNameById1 3, @FirstName output
print 'Name of the employee = ' + @FirstName

--- tehke sama, mis eelmine, aga kasutage spGetNameById sp-d
--FirstName l]pus on outdeclare 
declare @FirstName nvarchar(20)
execute spGetNameById 1, @FirstName out
print 'Name = ' + @FirstName

--output tagastab muudetud read kohe p'ringu tulemsuena
--see on salvestatud protseduuris ja ¸he v‰‰rtuse tagastamine
--out ei anna mitte midagi, kui seda ei m‰‰ra execute k‰sus

--rida 668
--tund 8
--19.03.2026


sp_help spGetNameById

create proc spGetNameById2
@Id int
--kui on begin, siis on ka end kuskil olemas
as begin
	return (select FirstName from Employees where Id = @Id)
end

--tuleb veateade kuna kutsusime v‰lja int-i, aga Tom on nvarchar
declare @EmployeeName nvarchar(50)
execute @EmployeeName = spGetNameById2 1
print 'Name of the employee = ' + @EmployeeName


--sisseehitatud string funktsioonid
--see konverteerib ASCII t‰he v‰‰rtuse numbriks
select ASCII('A')

select char(65)

--prindime kogu t‰hestiku v‰lja
declare @Start int
set @Start = 97
--kasutate while, et n‰idata kogu t‰hestik ette
while (@Start <= 122)
begin
	select char (@Start)
	set @Start = @Start + 1
end

--eemaldema t¸hjad kohad sulgudes
select ('               Hello')
select LTRIM('               Hello')

--t¸hikute eemaldamine veerust, mis on tabelis
select FirstName, MiddleName, LastName from Employees
--eemaldage t¸hikud FirstName veerust ‰ra
select ltrim(FirstName) as Name, MiddleName, LastName from Employees

--paremalt poolt t¸hjad stringid likab ‰ra
select rtrim('    Hello     ')

--keerab kooloni sees olevad andmed vastupidiseks
--vastavalt lower-ga ja uppper-ga saan muuta m'rkide suurust
--reverse funktsioon pˆˆrab kik ¸mber
select Reverse(upper(ltrim(FirstName))) as FirstName, MiddleName, lower(LastName),
rtrim(ltrim(FirstName)) + ' ' + MiddleName + ' ' + LastName as FullName
from Employees

--left, right, substring
--vasakult poolt neli esimest t‰hte
select left('ABCDEF', 4)
--paremalt poolt kolm t‰hte
select right('ABCDEF', 3)

--kuvab @-t‰hem‰rgi asetust e mitmes on @-m‰rk
select CHARINDEX('@', 'sara@aaa.com')

--esimene nr peale komakohta n‰itab, et mitmendast alustab ja
--siis mitu nr peale seda kuvada
select SUBSTRING('pam@bbb.com', 5, 2)

-- @ - m‰rgist kuvab kolm t‰hem‰rki. Viimase nr saab m‰‰rata pikkust
select SUBSTRING('pam@bbb.com', charindex('@', 'pam@bbb.com') + 1, 3)

--peale @-m‰rki hakkab kuvama tulemust, nr saab kaugust seadistada
select SUBSTRING('pam@bbb.com', charindex('@', 'pam@bbb.com') + 5,
len('pam@bbb.com') - charindex('@', 'pam@bbb.com'))

alter table Employees
add Email nvarchar(20)

select * from Employees

update Employees set Email = 'Tom@aaa.com' where Id = 1
update Employees set Email = 'Pam@bbb.com' where Id = 2
update Employees set Email = 'John@aaa.com' where Id = 3
update Employees set Email = 'Sam@bbb.com' where Id = 4
update Employees set Email = 'Todd@bbb.com' where Id = 5
update Employees set Email = 'Ben@ccc.com' where Id = 6
update Employees set Email = 'Sara@ccc.com' where Id = 7
update Employees set Email = 'Valarie@aaa.com' where Id = 8
update Employees set Email = 'James@bbb.com' where Id = 9
update Employees set Email = 'Russel@bbb.com' where Id = 10

--soovime teada saada domeeninimesid emailides
select SUBSTRING (Email, charindex('@', Email) + 1,
len (Email) - charindex('@', Email)) as EmailDomain
from Employees

--alates teisest t‰hest emailis kuni @ m‰rgini on t‰rnid
select FirstName, LastName,
	substring(Email, 1, 2) + replicate('*', 5) +
	substring(Email, charindex('@', Email), len(Email) - charindex('@', Email)+1) as Email
from Employees

--kolm korda n‰itab stringis olevat v‰‰rtust
select replicate('asd', 3)

--t¸hiku sisestamine
select space(5)

--t¸hiku sisestamine FirstName ja LastName vahele
select FirstName + space(25) + LastName as FullName
from Employees

---PATINDEX
-- sama, mis charindex, aga d¸naamilisem ja saab kasutada wildcardi
select Email, PATINDEX('%@aaa.com', Email) as FirstOccurence
from Employees
where PATINDEX('%@aaa.com', Email) > 0
--leian k]ik selle domeeni esindajad ja alates mitmendast m‰rgist algab @

--k]ik .com emailid asendab .net-ga
select Email, replace(Email, '.com', '.net') as ConvertedEmail
from Employees

--soovin asendada peale esimest m'rki kolm t‰hte viie t‰rniga
select FirstName, LastName, Email,
	stuff(Email, 2, 3, '*****') as StuffedEmail
from Employees

create table DateTime
(
	c_time time,
	c_date date,
	c_smalldatetime smalldatetime,
	c_datetime datetime,
	c_datetime2 datetime2,
	c_datetimeoffset datetimeoffset
)

select * from DateTime

--konkreetse masina kellaaeg
select getdate(), 'GETDATE()'

insert into DateTime
values (getdate(), getdate(), getdate(), getdate(), getdate(), getdate())

select * from DateTime

update DateTime set c_datetimeoffset = '2026-04-08 14:49:28.1933333 +10:00'
where c_datetimeoffset = '2026-03-19 14:25:09.8900000 +00:00'

select CURRENT_TIMESTAMP, 'CURRENT_TIMESTAMP' --aja p‰ring
select SYSDATETIME(), 'SYSDATETIME' --veel t‰psem aja p‰ring
select SYSDATETIMEOFFSET(), 'SYSDATETIMEOFFSET' --t'pne aeg koos ajalise nihkega
select GETUTCDATE(), 'GETUTCDATE' ---UTC aeg

--saab kontrollida, kas on ige andmet¸¸p
select isdate('asd') -- tagastab 0 kuna string ei ole date
select isdate(GETDATE()) -- kuidas saada vastuseks 1 isdate puhul?
select isdate('2026-04-08 14:49:28.193333') --tagastab 0 kuna max kolm komakohta vib olla
select isdate('2026-04-08 14:49:28.193') --tagastab 1
select DAY(GETDATE()) --annab t‰nase p‰eva nr
select DAY('01/24/2026') --annab stringis oleva kp ja j‰rjestus peab olema ige
select Month(GETDATE()) --annab jooksva kuu nr
select Month('01/24/2026') --annab stringis oleva kuu ja j‰rjestus peab olema ige
select YEAR(GETDATE()) --annab jooksva aasta nr
select YEAR('01/24/2026') --annab stringis oleva aasta ja j‰rjestus peab olema ige

select datename(day, '2026-04-08 14:49:28.193') --annab stringis oleva p‰eva nr
select datename(weekday, '2026-04-08 14:49:28.193') --annab stringis oleva p‰eva snana
select datename(month, '2026-04-08 14:49:28.193') --annab stringis oleva kuu snana

create table EmployeesWithDates
(
	Id nvarchar(2),
	Name nvarchar(20),
	DateOfBirth datetime
)

INSERT INTO EmployeesWithDates  (Id, Name, DateOfBirth)  
VALUES (1, 'Sam', '1980-12-30 00:00:00.000');
INSERT INTO EmployeesWithDates  (Id, Name, DateOfBirth)  
VALUES (2, 'Pam', '1982-09-01 12:02:36.260');
INSERT INTO EmployeesWithDates  (Id, Name, DateOfBirth)  
VALUES (3, 'John', '1985-08-22 12:03:30.370');
INSERT INTO EmployeesWithDates  (Id, Name, DateOfBirth)  
VALUES (4, 'Sara', '1979-11-29 12:59:30.670');

select * from EmployeesWithDates
truncate table EmployeesWithDates
--- rida 861
--- tund 9

--kuidas vtta ¸hest veerust andmeid ja selle abil luua uued veerud
 
--vaatab DoB veerust p‰eva ja kuvab p‰eva nimetuse snana
select Name, DateOfBirth, Datename(weekday, DateOfBirth) as [Day],
	--vaatab VoB veerust kuup‰evasid ja kuvab kuu nr 
	Month(DateOfBirth) as MonthNumber,
	--vaatab DoB veerust kuud ja kuvab snana
	DateName(Month, DateOfBirth) as [MonthName], 
	--vtab DoB veerust aasta
	Year(DateOfBirth) as [Year]
from EmployeesWithDates

--kuvab 3 kuna USA n‰dal algab p¸hap‰evaga
select Datepart(weekday, '2026-03-24 12:59:30.670')
--tehke sama, aga kasutage kuu-d
select Datepart(month, '2026-03-24 12:59:30.670')
--liidab stringis olevale kp 20 p'eva juurde
select Dateadd(day, 20, '2026-03-24 12:59:30.670')
--lahutab 20 p‰eva maha
select Dateadd(day, -20, '2026-03-24 12:59:30.670')
--kuvab kahe stringis oleva kuudevahelist aega nr-na
select datediff(month, '11/20/2026', '01/20/2024')
--tehke sama, aga kasutage aastat
select datediff(year, '11/20/2026', '01/20/2028')

-- alguses uurite, mis on funktsioon MS SQL
-- eelkirjutatud toimingud, salvestatud tegevus
-- miks seda on vaja
--pakkuda DB-s korduvkasutatud funktsionaalsust
-- mis on selle eelised ja puudused
--saad kiiresti kasutada toiminguid ja ei pea uuesti koodi kirjutama
--funktsioon ei tohi muuta DB olekut

create function fnComputeAge(@DOB datetime)
returns nvarchar(50)
as begin
	declare @tempdate datetime, @years int, @months int, @days int
	select @tempdate = @DOB

	select @years = datediff(year, @tempdate, getdate()) - case when (month(@DOB) >
	month(getdate())) or (month(@DOB) = month(getdate()) and day(@DOB) > day(getdate()))
	then 1 else 0 end
	select @tempdate = dateadd(year, @Years, @tempdate)

	select @months = datediff(month, @tempdate, getdate()) - case when day(@DOB) > day(getdate()) 
	then 1 else 0 end
	select @tempdate = dateadd(MONTH, @months, @tempdate)

	select @days = datediff(day, @tempdate, getdate())

	declare @Age nvarchar(50)
		set @Age = cast(@years as nvarchar(4)) + ' Years ' + cast(@months as nvarchar(2))
		+ ' Months ' + cast(@days as nvarchar(2)) + ' Days old '
	return @Age
end

select Id, Name, DateOfBirth, dbo.fnComputeAge(DateOfBirth) as Age from EmployeesWithDates

--rida 902
--tund 10
--31.03.2026

--kui kasutame seda funktsiooni, siis saame teada t‰nase p‰eva vahet stringis v‰lja tooduga
select dbo.fnComputeAge('02/24/2010') as Age

-- nr peale DOB muutujat n‰itab, et mismoodi kuvada DOB-d
select Id, Name, DateOfBirth,
convert(nvarchar, DateOfBirth, 108) as ConvertedDOB
from EmployeesWithDates

select Id, Name, Name + ' - ' + cast(Id as nvarchar) as [Name-Id] from EmployeesWithDates

select cast(getdate() as date) --t‰nane kp
--t‰nane kp, aga kasutate convert-i, et kuvada stringina
select convert(date, getdate())

--matemaatilised funktsioonid
select ABS(-5) --abs on absoluutv‰‰rtusega number ja tulemuseks saame ilma miinus m‰rgita 5
select CEILING(4.2) --ceiling on funktsioon, mis ¸mardab ¸lespoole ja tulemuseks saame 5
select CEILING(-4.2) --ceiling ¸mardab ka miinus numbrid ¸lespoole, mis t‰hendab, et saame -4
select floor(15.2) --floor on funktsioon, mis ¸mardab alla ja tulemuseks saame 15
select floor(-15.2) --floor ¸mardab ka miinus numbrid alla, mis t‰hendab, et saame -16
select power(2, 4) --kaks astmes neli
select square(9) --antud juhul 9 ruudus
select sqrt(16) --antud juhul 16 ruutjuur

select rand() --rand on funktsioon, mis genereerib 
--juhusliku numbri vahemikus 0 kuni 1
--kuidas saada t‰isnumber iga kord
select floor(rand() * 100) --korrutab sajaga iga suvalise numbri

--iga kord n‰itab 10 suvalist numbrit
declare @counter int
set @counter = 1
while (@counter <= 10)
begin
	print floor(rand() * 100)
	set @counter = @counter + 1
end

select ROUND(850.556, 2) 
--round on funktsioon, mis ¸mardab kaks komakohta 
--ja tulemuseks saame 850.56
select ROUND(850.556, 2, 1) 
--round on funktsioon, mis ¸mardab kaks komakohta ja 
--kui kolmas parameeter on 1, siis ¸mardab alla
select ROUND(850.556, 1)
--round on funktsioon, mis ¸mardab ¸he komakoha ja
--tulemuseks saame 850.6
select ROUND(850.556, 1, 1) --¸mardab alla ¸he komakoha pealt 
--ja tulemuseks saame 850.5
select ROUND(850.556, -2) --¸mardab t‰isnr ¸lessepoole ja tulemus on 900
select ROUND(850.556, -1) --¸mardab t‰isnr alla ja tulemus on 850

---
create function dbo.CalculateAge(@DOB date)
returns int
as begin 
declare @Age int

	set @Age = DATEDIFF(year, @DOB, GETDATE()) - 
	case 
		when (MONTH(@DOB) > MONTH(GETDATE())) or 
			 (MONTH(@DOB) = MONTH(GETDATE()) and DAY(@DOB) > DAY(GETDATE())) 
			 then 1 else 0 end
	return @Age
end

--kui valmis, siis proovige seda funktsiooni 
--ja vaadake, kas annab ige vanuse
exec dbo.CalculateAge '1980-12-30'

--arvutab v‰lja, kui vana on isik ja vtab arvesse kuud ning p‰evad
--antud juhul n‰itab kike, kes on ¸le 36 a vanad
select Id, Name,  dbo.CalculateAge(DateOfBirth) as Age from EmployeesWithDates
where dbo.CalculateAge(DateOfBirth) > 36

--- rida 970
--- tund 11
--- 02.04.2026

--- inline table valued functions
alter table EmployeesWithDates
add DepartmentId int
alter table EmployeesWithDates
add Gender nvarchar(10)

select * from EmployeesWithDates

update EmployeesWithDates set Gender = 'Male', DepartmentId = 1
where Id = 1
update EmployeesWithDates set Gender = 'Female', DepartmentId = 2
where Id = 2
update EmployeesWithDates set Gender = 'Male', DepartmentId = 1
where Id = 3
update EmployeesWithDates set Gender = 'Female', DepartmentId = 3
where Id = 4
insert into EmployeesWithDates (Id, Name, DateOfBirth, DepartmentId, Gender)
values (5, 'Todd', '1978-11-29 12:59:30.670', 1, 'Male')

-- scalar function annab mingis vahemikus olevaid andmeid, 
-- inline table values ei kasuta begin ja end funktsioone
-- scalar annab v‰‰rtused ja inline annab tabeli
create function fn_EmployeesByGender(@Gender nvarchar(10))
returns table
as
return (select Id, Name, DateOfBirth, DepartmentId, Gender
		from EmployeesWithDates
		where Gender = @Gender)

--kuidas leida kik naised tabelis EmployeesWithDates
-- ja kasutada funktsiooni fn_EmployeesByGender
select * from fn_EmployeesByGender('female')

--tahaks ainult Pami nime n‰ha
select * from fn_EmployeesByGender('female')
where Name = 'Pam'

select * from Department

--kahest erinevast tabelist andmete vtmine ja 
--koos kuvamine 
--esimene on funktsioon ja teine tabel

select Name, Gender, DepartmentName
from fn_EmployeesByGender('Male') E
join Department D on D.Id = E.DepartmentId

--multi tabel statement
--inline funktsioon
create function fn_GetEmployees()
returns table as
return (select Id, Name, cast(DateOfBirth as date)
		as DOB
		from EmployeesWithDates)

select * from fn_GetEmployees()

--multi-state puhul peab defineerima uue tabeli veerud koos muutujatega
--funktsiooni nimi on fn_MS_GetEmployees()
--peab edastama meile Id, Name, DOB tabelist EmployeesWithDates
create function fn_MS_GetEmployees()
returns @Table Table (Id int, Name nvarchar(20), DOB date)
as begin
	insert into @Table
	select Id, Name, CAST(DateOfBirth as date) from EmployeesWithDates
	return
end

select * from fn_MS_GetEmployees()

--- inline tabeli funktsioonid on paremini tˆˆtamas kuna k‰sitletakse vaatena
--- multi puhul on pm tegemist stored proceduriga ja kulutab ressurssi rohkem

--	muudame andmeid ja vaatame, kas inline funktsioonis on muutused kajastatud
update fn_GetEmployees() set Name = 'Sam1' where Id = 1 
select * from fn_GetEmployees() --saab muuta andmeid

update fn_MS_GetEmployees() set Name = 'Sam2' where Id = 1
--	ei saa muuta andmeid multi state funktsioonis, 
--	kuna see on nagu stored procedure

--deterministic vs non-deterministic functions
--deterministic funktsioonid annavad alati sama tulemuse, kui sisend on sama
select count(*) from EmployeesWithDates
select SQUARE(4)

--non-deterministic funktsioonid annavad erineva tulemuse, kui sisend on sama
select getdate()
select CURRENT_TIMESTAMP
select rand()

--- rida 1056
--- tund 12
--- 16.04.26


--loome funktsiooni
create function fn_GetNameById(@id int)
returns nvarchar(30)
as begin
	return (select Name from EmployeesWithDates where Id = @id)
end

---kasutame funktsiooni, leides Id 1 all oleva inimene
select dbo.fn_GetNameById(1)

select * from EmployeesWithDates

--saab n‰ha funktsiooni sisu
sp_helptext fn_GetNameById

--n¸¸d muudate funktsiooni nimega fn_GetNameById
--ja panete sinna encryption, et keegi peale teie ei saaks sisu n‰ha
alter function fn_GetNameById(@Id int)
returns nvarchar(30)
with encryption
as begin
	return (select Name from EmployeesWithDates where Id = @id)
end

--kui n¸¸d sp_helptexti kasutada, siis ei n‰e funktsiooni sisu
sp_helptext fn_GetNameById

--kasutame schemabindingut, et n‰ha, mis on funktsiooni sisu
alter function dbo.fn_GetNameById(@Id int)
returns nvarchar(30)
with schemabinding
as begin
	return (select Name from dbo.EmployeesWithDates where Id = @id)
end
--schemabinding t‰hendab, et kui keegi ¸ritab muuta EmployeesWithDates 
--tabelit, siis ei lase seda teha, kuna see on seotud 
--fn_GetNameById funktsiooniga

--ei saa kustutada ega muuta tabelit EmployeesWithDates, 
--kuna see on seotud fn_GetNameById funktsiooniga
drop table dbo.EmployeesWithDates


---temporary tables
--see on olemas ainult selle sessiooni jooksul
--kasutatakse # s¸mbolit, et saada aru, et tegemist on temporary tabeliga
create table #PersonDetails (Id int, Name nvarchar(20))

insert into #PersonDetails values (1, 'Sam')
insert into #PersonDetails values (2, 'Pam')
insert into #PersonDetails values (3, 'John')

select * from #PersonDetails

--temporary tabelite nimekirja ei n‰e, kui kasutada sysobjects 
--tabelit, kuna need on ajutised
select Name from sysobjects
where name like '#PersonDetails%'

--kustutame temporary tabeli
drop table #PersonDetails

--loome sp, mis loob temporary tabeli ja paneb sinna andmed
create proc spCreateLocalTempTable
as begin
create table #PersonDetails (Id int, Name nvarchar(20))

insert into #PersonDetails values (1, 'Sam')
insert into #PersonDetails values (2, 'Pam')
insert into #PersonDetails values (3, 'John')

select * from #PersonDetails
end
---
exec spCreateLocalTempTable

--globaalne temp tabel on olemas kogu 
--serveris ja kigile kasutajatele, kes on ¸hendatud
create table ##GlobalPersonDetails (Id int, Name nvarchar(20))

--index
create table EmployeeWithSalary
(
	Id int primary key,
	Name nvarchar(20),
	Salary int,
	Gender nvarchar(10)
)

insert into EmployeeWithSalary values(1, 'Sam', 2500, 'Male')
insert into EmployeeWithSalary values(2, 'Pam', 6500, 'Female')
insert into EmployeeWithSalary values(3, 'John', 4500, 'Male')
insert into EmployeeWithSalary values(4, 'Sara', 5500, 'Female')
insert into EmployeeWithSalary values(5, 'Todd', 3100, 'Male')

select * from EmployeeWithSalary

--otsime inimesi, kelle palgavahemik on 5000 kuni 7000
select * from EmployeeWithSalary
where Salary between 5000 and 7000

--loome indeksi Salary veerule, et kiirendada otsingut
--mis asetab andmed Salary veeru j‰rgi j‰rjestatult
create index IX_EmployeeSalary 
on EmployeeWithSalary(Salary asc)

--saame teada, et mis on selle tabeli primaarvti ja index
exec sys.sp_helpindex @objname = 'EmployeeWithSalary'

--tahaks IX_EmployeeSalary indeksi kasutada, et otsing oleks kiirem
select * from EmployeeWithSalary
where Salary between 5000 and 7000

--n‰itab, et kasutatakse indeksi IX_EmployeeSalary, 
--kuna see on j‰rjestatud Salary veeru j‰rgi
select * from EmployeeWithSalary with (index(IX_EmployeeSalary))

--indeksi kustutamine
drop index IX_EmployeeSalary on EmployeeWithSalary --1 variant
drop index EmployeeWithSalary.IX_EmployeeSalary --2 variant

---- indeksi t¸¸bid:
--1. Klastrites olevad
--2. Mitte-klastris olevad
--3. Unikaalsed
--4. Filtreeritud
--5. XML
--6. T‰istekst
--7. Ruumiline
--8. Veerus‰ilitav
--9. Veergude indeksid
--10. V‰lja arvatud veergudega indeksid

-- klastris olev indeks m‰‰rab ‰ra tabelis oleva f¸¸silise j‰rjestuse 
-- ja selle tulemusel saab tabelis olla ainult ¸ks klastris olev indeks

create table EmployeeCity
(
	Id int primary key,
	Name nvarchar(20),
	Salary int,
	Gender nvarchar(10),
	City nvarchar(50)
)

exec sp_helpindex EmployeeCity

-- andmete ige j‰rjestuse loovad klastris olevad indeksid 
-- ja kasutab selleks Id nr-t
-- phjus, miks antud juhul kasutab Id-d, tuleneb primaarvtmest
insert into EmployeeCity values(3, 'John', 4500, 'Male', 'New York')
insert into EmployeeCity values(1, 'Sam', 2500, 'Male', 'London')
insert into EmployeeCity values(4, 'Sara', 5500, 'Female', 'Tokyo')
insert into EmployeeCity values(5, 'Todd', 3100, 'Male', 'Toronto')
insert into EmployeeCity values(2, 'Pam', 6500, 'Male', 'Sydney')

-- klastris olevad indeksid dikteerivad s‰ilitatud andmete j‰rjestuse tabelis 
-- ja seda saab klastrite puhul olla ainult ¸ks

select * from EmployeeCity
create clustered index IX_EmployeeCityName
on EmployeeCity(Name)
--phjus, miks ei saa luua klastris olevat 
--indeksit Name veerule, on see, et tabelis on juba klastris 
--olev indeks Id veerul, kuna see on primaarvti

--loome composite indeksi, mis t‰hendab, et see on mitme veeru indeks
--enne tuleb kustutada klastris olev indeks, kuna composite indeks 
--on klastris olev indeksi t¸¸p
create clustered index IX_EmployeeGenderSalary
on EmployeeCity(Gender desc, Salary asc)
-- kui teed select p‰ringu sellele tabelile, siis peaksid n‰gema andmeid, 
-- mis on j‰rjestatud selliselt: Esimeseks vetakse aluseks Gender veerg 
-- kahanevas j‰rjestuses ja siis Salary veerg tusvas j‰rjestuses

select * from EmployeeCity

--mitte klastris olev indeks on eraldi struktuur, 
--mis hoiab indeksi veeru v‰‰rtusi
create nonclustered index IX_EmployeeCityName
on EmployeeCity(Name)
--kui n¸¸d teed select p‰ringu, siis n‰ed, et andmed on 
--j‰rjestatud Id veeru j‰rgi
select * from EmployeeCity

--- erinevused kahe indeksi vahel
--- 1. ainult ¸ks klastris olev indeks saab olla tabeli peale, 
--- mitte-klastris olevaid indekseid saab olla mitu
--- 2. klastris olevad indeksid on kiiremad kuna indeks peab tagasi 
--- viitama tabelile juhul, kui selekteeritud veerg ei ole olemas indeksis
--- 3. Klastris olev indeks m‰‰ratleb ‰ra tabeli ridade slavestusj‰rjestuse
--- ja ei nua kettal lisa ruumi. Samas mitte klastris olevad indeksid on 
--- salvestatud tabelist eraldi ja nuab lisa ruumi

create table EmployeeFirstName
(
	Id int primary key,
	FirstName nvarchar(20),
	LastName nvarchar(20),
	Salary int,
	Gender nvarchar(10),
	City nvarchar(50)
)

exec sp_helpindex EmployeeFirstName

insert into EmployeeFirstName values(1, 'John', 'Smith', 4500, 'Male', 'New York')
insert into EmployeeFirstName values(1, 'Mike', 'Sandoz', 2500, 'Male', 'London')

drop index EmployeeFirstName.PK__Employee__3214EC07EFD14A37
--- kui k‰ivitad ¸levalpool oleva koodi, siis tuleb veateade
--- et SQL server kasutab UNIQUE indeksit justamaks v‰‰rtuste 
--- unikaalsust ja primaarvtit koodiga Unikaalseid Indekseid 
--- ei saa kustutada, aga k‰sitsi saab

create unique nonclustered index UIX_Employee_FirstName_LastName
on EmployeeFirstName(FirstName, LastName)

--lisame uue piirnagu peale
alter table EmployeeFirstName
add constraint UQ_EmployeeFirstNameCity
unique nonclustered (City)

--sisestage kolmas rida andmetega, mis on id-s 3, FirstName-s John, 
--LastName-s Menco ja linn on London
insert into EmployeeFirstName values(3, 'John', 'Menco', 3500, 'Male', 'London')

--saab vaadata indeksite infot
exec sp_helpconstraint EmployeeFirstName

-- 1.Vaikimisi primaarvti loob unikaalse klastris oleva indeksi, 
-- samas unikaalne piirang loob unikaalse mitte-klastris oleva indeksi
-- 2. Unikaalset indeksit vi piirangut ei saa luua olemasolevasse tabelisse, 
-- kui tabel juba sisaldab v‰‰rtusi vtmeveerus
-- 3. Vaikimisi korduvaid v‰‰rtuseid ei ole veerus lubatud,
-- kui peaks olema unikaalne indeks vi piirang. Nt, kui tahad sisestada 
-- 10 rida andmeid, millest 5 sisaldavad korduviad andmeid, 
-- siis kik 10 l¸katakse tagasi. Kui soovin ainult 5
-- rea tagasi l¸kkamist ja ¸lej‰‰nud 5 rea sisestamist, siis selleks 
-- kasutatakse IGNORE_DUP_KEY

--n‰ide
create unique index IX_EmployeeFirstName
on EmployeeFirstName(City)
with ignore_dup_key

insert into EmployeeFirstName values(5, 'John', 'Menco', 3512, 'Male', 'London1')
insert into EmployeeFirstName values(6, 'John', 'Menco', 3123, 'Male', 'London2')
insert into EmployeeFirstName values(6, 'John', 'Menco', 3220, 'Male', 'London2')
--- enne ignore k‰sku oleks kik kolm rida tagasi l¸katud, aga
--- n¸¸d l‰ks keskmine rida l‰bi kuna linna nimi oli unikaalne
select * from EmployeeFirstName

--view on virtuaalne tabel, mis on loodud ¸he vi mitme tabeli phjal
select FirstName, Salary, Gender, DepartmentName
from Employees
join Department
on Department.Id = Employees.DepartmentId

create view vw_EmployeesByDetails
as
select FirstName, Salary, Gender, DepartmentName
from Employees
join Department
on Department.Id = Employees.DepartmentId
--otsige ¸lesse view

--kuidas view-d kasutada: vw_EmployeesByDetails
select * from vw_EmployeesByDetails
-- view ei salvesta andmeid vaikimisi
-- seda tasub vtta, kui salvestatud virtuaalse tabelina

-- milleks vaja:
-- saab kasutada andmebaasi skeemi keerukuse lihtsutamiseks,
-- mitte IT-inimesele
-- piiratud ligip‰‰s andmetele, ei n‰e kiki veerge

--teeme view, kus n‰eb ainult IT-tˆˆtajaid
create view vITEmployeesInDepartment
as
select FirstName, Salary, Gender, DepartmentName
from Employees
join Department
on Department.Id = Employees.DepartmentId
where Department.DepartmentName = 'IT'
-- ¸levalpool olevat p‰ringut saab liigitada reataseme turvalisuse 
-- alla. Tahan ainult n‰idata IT osakonna tˆˆtajaid

select * from vITEmployeesInDepartment

---rida 1400
---tund 13
---23.04.26

-- veeru taseme turvalisus
-- peale selecti m‰‰ratled veergude n‰itamise ‰ra
create view vEmployeesInDepartmentSalaryNoShow
as
select FirstName, Gender, DepartmentName
from Employees
join Department
on Employees.DepartmentId = Department.Id

select * from vEmployeesInDepartmentSalaryNoShow

--saab kasutada esitlemaks koondandmeid ja ¸ksikasjalike andmeid
--view, mis tagastab summeeritud andmeid
create view vEmployeesCountByDepartment
as
select DepartmentName, count(Employees.Id) as TotalEmployees
from Employees
join Department
on Employees.DepartmentId = Department.Id
group by DepartmentName

select * from vEmployeesCountByDepartment

--kui soovid vaadata view sisu?
sp_helptext vEmployeesCountByDepartment
--kui soovid muuta, siis kasutad alter view

--kui soovid kustutada, siis kasutad drop view
drop view vEmployeesCountByDepartment

--andmete uuendamine l‰bi view
create view vEmployeesDataExceptSalary
as
select Id, FirstName, Gender, DepartmentId
from Employees

select * from Employees

update vEmployeesDataExceptSalary
set [FirstName] = 'Pam' where Id = 2

--kustutage Id 2 rida ‰ra
delete from vEmployeesDataExceptSalary where Id = 2
--andmete sisestamine l'bi view: vEmployeesDataExceptSalary
-- Id 2, Female, osakond 2 ja nimi on Pam
insert into vEmployeesDataExceptSalary (Id, Gender, DepartmentId, FirstName)
values(2, 'Female', 2, 'Pam')

--indekseeritud view
--MS SQL-s on indekseeritud view nime all ja
-- Oracles materjaliseeritud view nimega

create table Product
(
Id int primary key,
Name nvarchar(20),
UnitPrice int
)

insert into Product values (1, 'Books', 20)
insert into Product values (2, 'Pens', 14)
insert into Product values (3, 'Pencils', 11)
insert into Product values (4, 'Clips', 10)

select * from Product

create table ProductSales
(
Id int,
QuantitySold int
)

select * from ProductSales

insert into ProductSales values(1, 10)
insert into ProductSales values(3, 23)
insert into ProductSales values(4, 21)
insert into ProductSales values(2, 12)
insert into ProductSales values(1, 13)
insert into ProductSales values(3, 12)
insert into ProductSales values(4, 13)
insert into ProductSales values(1, 11)
insert into ProductSales values(2, 12)
insert into ProductSales values(1, 14)

--loome view, mis annab meile veerud TotalSales ja TotalTransaction

alter view vTotalSalesByProduct
with schemabinding
as
select Name,
sum(isnull((QuantitySold * UnitPrice), 0)) as TotalSales,
count_big(*) as TotalTransactions
from dbo.ProductSales
join dbo.Product
on dbo.Product.Id = dbo.ProductSales.Id
group by Name

select * from vTotalSalesByProduct

--- kui soovid luua indeksi view sisse, siis peab j‰rgima teatud reegleid
-- 1. view tuleb luua koos schemabinding-ga
-- 2. kui lisafunktsioon select list viitab v‰ljendile ja selle tulemuseks
-- vib olla NULL, siis asendusv‰‰rtus peaks olema t‰psustatud. 
-- Antud juhul kasutasime ISNULL funktsiooni asendamaks NULL v‰‰rtust
-- 3. kui GroupBy on t‰psustatud, siis view select list peab
-- sisaldama COUNT_BIG(*) v‰ljendit
-- 4. Baastabelis peaksid view-d olema viidatud kahesosalie nimega
-- e antud juhul dbo.Product ja dbo.ProductSales.

create unique clustered index UIX_vTotalSalesByProduct_Name
on vTotalSalesByProduct(Name)

select * from vTotalSalesByProduct

--view piirangud
create view vEmployeeDetails
@Gender nvarchar(20)
as
Select Id, FirstName, Gender, DepartmentId
from Employees
where Gender = @Gender
--mis on selles views valesti???
--vaatesse e view-sse ei saa kaasa panna parameetreid e antud juhul Gender

--teha funktsioon, kus parameetriks on Gender
--soovin n'ha veerge: Id, FirstName, Gender, DepartmentId
--tabeli nimi on Employees
--funktsiooni nimi on fnEmployeeDetails
create function fnEmployeeDetails(@Gender nvarchar(20))
returns table
as return
(select Id, FirstName, Gender, DepartmentId
from Employees where Gender = @Gender)

--kasutame funktsiooni fnEmployeeDetails koos parameetriga
select * from fnEmployeeDetails('female')

--order by kasutamine
create view vEmployeeDetailsStored
as
select Id, FirstName, Gender, DepartmentId
from Employees
order by Id
--order by-d ei saa kasutada

--temp tabeli kasutamine
create table ##TestTempTable
(Id int, FirstName nvarchar(20), Gender nvarchar(20))

insert into ##TestTemptable values(101, 'Mart', 'Male')
insert into ##TestTemptable values(102, 'Joe', 'Female')
insert into ##TestTemptable values(103, 'Pam', 'Female')
insert into ##TestTemptable values(104, 'James', 'Male')

--view nimi on vOnTempTable
--kasutame ##TestTempTable
create view vOnTempTable
as
select Id, FirstName, Gender
from ##TestTempTable
--view-id ja funktsioone ei saa teha ajutistele tabelitele

--Triggerid

--DML trigger
--kokku on kolme t¸¸pi: DML, DDL ja LOGON

--- trigger on stored procedure eriliik, mis automaatselt k‰ivitub, 
--- kui mingi tegevus 
--- peaks andmebaasis aset leidma

--- DML - data manipulation language
--- DML-i philised k‰sklused: insert, update ja delete

-- DML triggereid saab klassifitseerida  kahte t¸¸pi:
-- 1. After trigger (kutsutakse ka FOR triggeriks)
-- 2. Instead of trigger (selmet trigger e selle asemel trigger)

--- after trigger k‰ivitub peale s¸ndmust, kui kuskil on tehtud insert, 
--- update ja delete

--- loome uue tabeli
create table EmployeeAudit
(
Id int identity(1, 1) primary key,
AuditData nvarchar(1000)
)

-- peale iga tˆˆtaja sisestamist tahame teada saada tˆˆtaja Id-d, 
-- p‰eva ning aega(millal sisestati)
-- kik andmed tulevad EmployeeAudit tabelisse
-- andmeid sisestame Employees tabelisse

create trigger trEmployeeForInsert
on Employees
for insert
as begin
declare @Id int
select @Id = Id from inserted
insert into EmployeeAudit
values ('New employee with Id = ' + cast(@Id as nvarchar(5)) + ' is added at '
+ cast(getdate() as nvarchar(20)))
end

select * from Employees

insert into Employees values 
(11, 'Bob', 'Blob', 'Bomb', 'Male', 3000, 1, 3, 'bob@bob.com')
go
select * from EmployeeAudit


--delete trigger
create trigger trEmployeeForDelete
on Employees
for delete
as begin
	declare @Id int
	select @Id = Id from deleted

	insert into EmployeeAudit
	values('An existing employee with Id = ' + cast(@Id as nvarchar(5)) +
	' is deleted at ' + cast(getdate() as nvarchar(20)))
end

delete from Employees where Id = 11
select * from EmployeeAudit

--update trigger
create trigger trEmployeeForUpdate
on Employees
for update
as begin
	--muutujate deklareerimine
	declare @Id int
	declare @OldGender nvarchar(20), @NewGender nvarchar(20)
	declare @OldSalary int, @NewSalary int
	declare @OldDepartmentId int, @NewDepartmentId int
	declare @OldManagerId int, @NewManagerId int
	declare @OldFirstName nvarchar(20), @NewFirstName nvarchar(20)
	declare @OldMiddleName nvarchar(20), @NewMiddleName nvarchar(20)
	declare @OldLastName nvarchar(20), @NewLastName nvarchar(20)
	declare @OldEmail nvarchar(50), @NewEmail nvarchar(50)

	---muutuja, kuhu l‰heb lpptekst
	declare @AuditString nvarchar(1000)

	-- laeb kik uuendatud andmed temp tabeli alla
	select * into #TempTable
	from inserted

	-- k‰ib l‰bi kik andmed temp tabelist
	while(exists(select Id from #TempTable))
	begin
		set @AuditString = ''
		-- selekteerib esimese rea andmed temp tabel-st
		select top 1 @Id = Id, @NewGender = Gender,
		@NewSalary = Salary, @NewDepartmentId = DepartmentId,
		@NewManagerId = ManagerId, @NewFirstName = FirstName,
		@NewMiddleName = MiddleName, @NewLastName = LastName,
		@NewEmail = Email
		from #TempTable
		--vtab vanad andmed kustutatud tabelist
		select @OldGender = Gender,
		@OldSalary = Salary, @OldDepartmentId = DepartmentId,
		@OldManagerId = ManagerId, @OldFirstName = FirstName,
		@OldMiddleName = MiddleName, @OldLastName = LastName,
		@OldEmail = Email
		from deleted where Id = @Id

		---rida 1677
		---tund 14
		---30.04.26
		--hakkab vrdlema igat muutujat, et kas toimus andmete muutus
		set @AuditString = 'Employee with Id = ' + cast(@Id as nvarchar(4)) + ' changed '
		if(@OldGender <> @NewGender)
			set @AuditString = @AuditString + ' Gender from ' + @OldGender + ' to ' +
			@NewGender

		if(@OldSalary <> @NewSalary)
			set @AuditString = @AuditString + ' Salary from ' + cast(@OldSalary as nvarchar(20)) + ' to ' +
			cast(@NewSalary as nvarchar(20))

		if(@OldDepartmentId <> @NewDepartmentId)
			set @AuditString = @AuditString + ' DepartmentId from ' + cast(@OldDepartmentId as nvarchar(20)) + ' to ' +
			cast(@NewDepartmentId as nvarchar(20))

		if(@OldManagerId <> @NewManagerId)
			set @AuditString = @AuditString + ' ManagerId from ' + cast(@OldManagerId as nvarchar(20)) + ' to ' +
			cast(@NewManagerId as nvarchar(20))

		if(@OldFirstName <> @NewFirstName)
			set @AuditString = @AuditString + ' FirstName from ' + @OldFirstName + ' to ' +
			@NewFirstName

		if(@OldMiddleName <> @NewMiddleName)
			set @AuditString = @AuditString + ' Middlename from ' + @OldMiddleName + ' to ' +
			@NewMiddleName

		if(@OldLastName <> @NewLastName)
			set @AuditString = @AuditString + ' Lastname from ' + @OldLastName + ' to ' +
			@NewLastName

		if(@OldEmail <> @NewEmail)
			set @AuditString = @AuditString + ' Email from ' + @OldEmail + ' to ' +
			@NewEmail

		insert into dbo.EmployeeAudit values (@AuditString)
		--kustutab temp tabelist rea
		delete from #TempTable where Id = @Id
	end
end
-- triggeri lpp

update Employees set FirstName = 'test123', Salary = 4000, MiddleName = 'test456'
where Id = 10

select * from Employees
select * from EmployeeAudit
----

---instead of trigger
create table Employee
(
Id int primary key,
Name nvarchar(30),
Gender nvarchar(10),
DepartmentId int
)

--kellel ei ole seda tabelit, siis nemad sisestavad selle koodi
create table Department
(
Id int primary key,
DepartmentName nvarchar(20)
)

select * from Employee

insert into Employee values(1, 'John', 'Male', 3)
insert into Employee values(2, 'Mike', 'Male', 2)
insert into Employee values(3, 'Pam', 'Female', 1)
insert into Employee values(4, 'Todd', 'Male', 4)
insert into Employee values(5, 'Sara', 'Female', 1)
insert into Employee values(6, 'Ben', 'Male', 3)

create view vEmployeeDetails
as
select Employee.Id, Name, Gender, DepartmentName
from Employee
join Department
on Employee.DepartmentId = Department.Id

select * from vEmployeeDetails
-- tuleb veateade
insert into vEmployeeDetails values(7, 'Valarie', 'Female', 'IT')

--n¸¸d proovime lahendada probleemi, kui kasutame instead of trigger-t
create trigger tr_vEmployeeDetails_InsteadOfInsert
on vEmployeeDetails
instead of insert
as begin
	declare @DeptId int

	select @DeptId = dbo.Department.Id
	from Department
	join inserted
	on inserted.DepartmentName = Department.DepartmentName

	if(@DeptId is null)
		begin
		raiserror('Invalid department name. Statement terminated', 16, 1)
		return
	end

	insert into dbo.Employee(Id, Name, Gender, DepartmentId)
	select Id, Name, Gender, @DeptId
	from inserted
end
--- raiserror funktsioon
-- selle eesm‰rk on tuua v‰lja veateade, kui DepartmentName veerus ei ole v‰‰rtust
-- ja ei klapi uue sisestatud v‰‰rtusega. 
-- Esimene on parameeter ja veateate sisu, teine on veataseme nr (nr 16 t‰hendab 
-- ¸ldiseid vigu) ja kolmas on olek

--n¸¸d saab l‰bi view sisestada andmeid
insert into vEmployeeDetails values(7, 'Valarie', 'Female', 'IT')

-- uuendame andmeid 
update vEmployeeDetails
set Name = 'Johny', DepartmentName = 'IT'
where Id = 1
--ei saa uuendada andmeid kuna mitu tabelit on sellest mjutatud

update vEmployeeDetails
set DepartmentName = 'IT'
where Id = 1

select * from vEmployeeDetails

--instead of Update trigger
create trigger tr_vEmployeeDetails_InsteadOfUpdate
on vEmployeeDetails
instead of update
as begin

	if(update(Id))
	begin
		raiserror('Id cannot be changed', 16, 1)
		return
	end

	if(update(DepartmentName))
	begin
		declare @DeptId int
		select @DeptId = Department.Id
		from Department
		join inserted
		on inserted.DepartmentName = Department.DepartmentName

		if(@DeptId is null)
		begin
			raiserror('Invalid Department Name', 16, 1)
			return
		end

		update Employee set DepartmentId = @DeptId
		from inserted
		join Employee
		on Employee.Id = inserted.id
	end

	if(update(Gender))
	begin
		update Employee set Gender = inserted.Gender
		from inserted
		join Employee
		on Employee.Id = inserted.id
	end

	if(update(Name))
	begin
		update Employee set Name = inserted.Name
		from inserted
		join Employee
		on Employee.Id = inserted.id
	end
end

--uuendame andmeid, kasutada vEmployeeDetails
--uuendada seal, kus Id on 1
update Employee set Name = 'John123', Gender = 'Male', DepartmentId = 3
where Id = 1

select * from vEmployeeDetails

--- delete trigger
create view vEmployeeCount
as
select DepartmentId, DepartmentName, count(*) as TotalEmployees
from Employee
join Department
on Employee.DepartmentId = Department.Id
group by DepartmentName, DepartmentId

select * from vEmployeeCount

--vaja teha p‰ring, kus on tˆˆtajaid 2tk vi rohkem
--kasutada vEmployeeCount
select DepartmentName, TotalEmployees from vEmployeeCount
where TotalEmployees >= 2

---
select DepartmentName, DepartmentId, count(*) as TotalEmployees
into #TempEmployeeCount
from Employee
join Department
on Employee.DepartmentId = Department.Id
group by DepartmentName, DepartmentId

select * from #TempEmployeeCount

--l‰bi ajutise tabeli saab samu andmeid vaadata, kui seal on info olemas
select DepartmentName, TotalEmployees from #TempEmployeeCount
where TotalEmployees >= 2

--tuleb teha trigger nimega trEmployeeDetails_InsteadOfDelete
--ja kasutada vEmployeeDetails
--triggeri t¸¸p on instead of delete
create trigger trEmployeeDetails_InsteadOfDelete
on vEmployeeDetails
instead of delete
as begin
	delete Employee
	from Employee
	join deleted
	on Employee.Id = deleted.Id
end

delete from vEmployeeDetails where Id = 7

--- CTE e common table expression
select * from Employee

--CTE n‰ide
with EmployeeCount(DepartmentName, DepartmentId, TotalEmployees)
as
	(
	select DepartmentName, DepartmentId, count(*) as TotalEmployees
	from Employee
	join Department
	on Employee.DepartmentId = Department.Id
	group by DepartmentName, DepartmentId
	)
select DepartmentName, TotalEmployees
from EmployeeCount
where TotalEmployees >= 2

-- CTE-d vivad sarnaneda temp tabeliga
-- sarnane p‰ritud tabelile ja ei ole salvestatud objektina
-- ning kestab p‰ringu ulatuses

--p‰ritud tabel
select DepartmentName, TotalEmployees
from
(
	select DepartmentName, DepartmentId, count(*) as TotalEmployees
	from Employee
	join Department
	on Employee.DepartmentId = Department.Id
	group by DepartmentName, DepartmentId
)
as EmployeeCount
where TotalEmployees >= 2

--tehke p‰ring, kus on kaks CTE p‰ringut sees
with EmployeeCountBy_Payroll_IT_Dept(DepartmentName, Total)
as
(
	select DepartmentName, count(Employee.Id) as TotalEmployees
	from Employee
	join Department
	on Employee.DepartmentId = Department.Id
	where DepartmentName in ('Payroll', 'IT')
	group by DepartmentName
),
EmployeeCountBy_HR_Admin_Dept(DepartmentName, Total)
as
(
	select DepartmentName, count(Employee.Id) as TotalEmployees
	from Employee
	join Department
	on Employee.DepartmentId = Department.Id
	group by DepartmentName
)
--kui on kaks CTE-d, siis unioni abil ¸hendab p‰ringu
select * from EmployeeCountBy_Payroll_IT_Dept
union
select * from EmployeeCountBy_HR_Admin_Dept

--teha CTE p‰ring nimega EmployeeCount
--j‰rjestaks DepartmentName j‰rgi ‰ra
with EmployeeCount(DepartmentId, TotalEmployees)
as
	(
		select DepartmentId, count(*) as TotalEmployees
		from Employee
		group by DepartmentId
	)
--select 'Hello'
--- peale CTE-d peab kohe tulema k‰sklus SELECT, INSERT, UPDATE vi DELETE
--- kui proovid midagi muud, siis tuleb veateade
select DepartmentName
from Department
join Employee
on Department.Id = Employee.DepartmentId
order by DepartmentName

with Employees_Name_Gender
as 
(
	select Id, Name, Gender from Employee
)
select * from Employees_Name_Gender

with EmployeesByDepartment
as
(
    select Employee.Id, Employee.Name, Gender, DepartmentName
    from Employee
    join Department
    on Department.Id = Employee.DepartmentId
)
update EmployeesByDepartment set Gender = 'Male' where Id = 1

--kasutage eelmist CTE andmete muutmiseks,
--aga seekord muutke Id 1 tˆˆtaja Gender female peale ja 
--DepartmentName Payroll peale
with EmployeesByDepartment
as
(
    select Employee.Id, Employee.Name, Gender, DepartmentName
    from Employee
    join Department
    on Department.Id = Employee.DepartmentId
)
update EmployeesByDepartment set Gender = 'Female', DepartmentName = 'Payroll' 
where Id = 1
--ei luba mitmes tabelis korraga andmeid muuta, kui on tegemist CTE-ga

--kokkuvte CTE-st
--1. kui CTE baseerub ¸hel tabelil, siis uuendus tˆˆtab
--2. kui CTE baseerub mitmel tabelil, siis tuleb veateade
--3. kui CTE baseerub mitmel tabelil,ja tahame muuta ainult ¸hte tabelit,
--siis uuendus saab tehtud

--korduv CTE
--CTE, mis iseendale viitab, kutsutakse korduvaks CTE-ks
--kui tahad andmeid n‰idata hierarhiliselt
create table Employee 
(
	EmployeeId int Primary Key,
	Name nvarchar(20),
	ManagerId int
)

select * from Employee

insert into Employee values(1, 'Tom', 2)
insert into Employee values(2, 'Josh', NULL)
insert into Employee values(3, 'Mike', 2)
insert into Employee values(4, 'John', 3)
insert into Employee values(5, 'Pam', 1)
insert into Employee values(6, 'Mary', 3)
insert into Employee values(7, 'James', 1)
insert into Employee values(8, 'Sam', 5)
insert into Employee values(9, 'Simon', 1)

--kasutame left joini, te n‰ha kiki tˆˆtajaid ja nende juhte 
select Emp.Name as [Employee Name],
isnull(Manager.Name, 'Super Boss') as [Manager Name]
from dbo.Employee Emp
left join Employee Manager
on Emp.ManagerId = Manager.EmployeeId
--peab samasuguse tulemuse saavutada, aga kasutate CTE-d
--seal sees kasutab join koos union all
with EmployeeByManager 
as
(
    select 
    Emp.Name as [Employee Name], Manager.Name as [Manager Name]
    from dbo.Employee Emp
    join Employee Manager
    on Emp.ManagerId = Manager.EmployeeId
    union all
    select
    Emp.Name as [Employee Name], 'Super Boss' as [Manager Name]
    from dbo.Employee Emp
    where Emp.ManagerId is null
)
select * from EmployeeByManager

--2 variant koos veel ¸he andme reaga Boss Leveliga 
with EmployeeCTE(Id, Name, ManagerId, [Level])
as
(
    select Employee.EmployeeId, Name, ManagerId, 1
    from Employee
    where ManagerId is null

    union all

    select Employee.EmployeeId, Employee.Name, Employee.ManagerId,
    EmployeeCTE.[Level] + 1
    from Employee
    join EmployeeCTE 
	on Employee.ManagerId = EmployeeCTE.Id
)
select EmpCTE.Name as [Employee Name],
isnull(MgrCTE.Name, 'Super Boss') as [Manager Name],
EmpCTE.Level as [Boss Level]
from EmployeeCTE EmpCTE
left join EmployeeCTE MgrCTE
on EmpCTE.ManagerId = MgrCTE.Id

--PIVOT
--Mis on PIVOT?
--PIVOT on SQL-i operatsioon, mis vimaldab teisendada ridu veergudeks
create table Sales 
(
	SalesAgent nvarchar(20),
	SalesCountry nvarchar(20),
	SalesAmount int
)

insert into Sales values('Tom','UK', 200)
insert into Sales values('John','US', 180)
insert into Sales values('John','UK', 260)
insert into Sales values('David','India', 450)
insert into Sales values('Tom','India', 350)
insert into Sales values('David','US', 200)
insert into Sales values('Tom','US', 130)
insert into Sales values('John','India', 540)
insert into Sales values('John','UK', 120)
insert into Sales values('David','UK', 220)
insert into Sales values('John','UK', 420)
insert into Sales values('David','US', 320)
insert into Sales values('Tom','US', 340)
insert into Sales values('Tom','UK', 660)
insert into Sales values('John','India', 430)
insert into Sales values('David','India', 230)
insert into Sales values('David','India', 280)
insert into Sales values('Tom','UK', 480)
insert into Sales values('John','UK', 360)
insert into Sales values('David','UK', 140)

select * from Sales

select SalesCountry, SalesAgent, sum(SalesAmount) as TotalSales
from Sales 
group by SalesCountry, SalesAgent
order by SalesCountry, SalesAgent

--kasuta pivotit, et saada sama tulemus nagu ¸lemised p‰rigud
select SalesAgent, India, US, UK
from Sales

PIVOT
(
    sum(SalesAmount)
    for SalesCountry in ([India], [US], [UK])
)
as PivotTable

--p‰ring muudab unikaalsete veergude v‰‰rtust (India,US ja UK) SalesCountry veerus
--omaette veergudeks koos veergude SalesAmount liitmisega

create table SalesWithId 
(
Id int Primary Key,
SalesAgent nvarchar(20),
SalesCountry nvarchar(20),
SalesAmount int
)

insert into SalesWithId values(1, 'Tom','UK', 200)
insert into SalesWithId values(2, 'John','US', 180)
insert into SalesWithId values(3, 'John','UK', 260)
insert into	SalesWithId values(4, 'David','India', 450)
insert into SalesWithId values(5, 'Tom','India', 350)
insert into SalesWithId values(6, 'David','US', 200)
insert into SalesWithId values(7, 'Tom','US', 130)
insert into SalesWithId values(8, 'John','India', 540)
insert into SalesWithId values(9, 'John','UK', 120)
insert into SalesWithId values(10, 'David','UK', 220)
insert into SalesWithId values(11, 'John','UK', 420)
insert into SalesWithId values(12,'David','US', 320)
insert into SalesWithId values(13, 'Tom','US', 340)
insert into SalesWithId values(14, 'Tom','UK', 660)
insert into SalesWithId values(15, 'John','India', 430)
insert into SalesWithId values(16, 'David','India', 230)
insert into SalesWithId values(17, 'David','India', 280)
insert into SalesWithId values(18, 'Tom','UK', 480)
insert into SalesWithId values(19, 'John','UK', 360)
insert into SalesWithId values(20, 'David','UK', 140)

--tehke uuesti pivot, aga kasutage SalesWithId tabelit
select SalesAgent, India, US, UK
from SalesWithId

PIVOT
(
    sum(SalesAmount)
    for SalesCountry in ([India], [US], [UK])
)
as PivotTable
--phjuseks on Id veeru olemasolu SalesWithId, mida vetakse arvesse
--pˆˆramise ja grupeerimise j‰rgi

select SalesAgent, India, US, UK
from 
(
	select SalesAgent, SalesCountry, SalesAmount from SalesWithId
)
as SourceTable
pivot
(
sum(SalesAmount) for SalesCountry in (India, US, UK)
)
as PivotTable

--transactionid
--transaction j‰lgib j‰rgmise samme:
--1. selle algus
--2. k‰ivitab DB k‰ske
--3. kontrollib vigu. Kui on viga, siis taastab alguse oleku

create table MailingAddress
(
Id int not null primary key,
EmployeeNumber int,
HouseNumber nvarchar(10),
StreetAddress nvarchar(50),
City nvarchar(50),
PostalCode nvarchar(20)
)

insert into MailingAddress
values (1, 101, '#10', 'King Street', 'Londoon', 'CR27DW')

create proc spUpdateAddress
as begin
	begin try
		begin transaction
			update MailingAddress set City = 'LONDON'
			where MailingAddress.Id = 1 and EmployeeNumber = 101

			update PhysicalAddress set city = 'LONDON'
			where PhysicalAddress.Id = 1 and EmployeeNumber = 101
		commit transaction
	end try
	begin catch
		rollback tran
	end catch
end

--k‰ivitame spUpdateAddress stored procedure-i
spUpdateAddress

select * from PhysicalAddress
select * from MailingAddress

--kui teine uuendus ei l‰he l‰bi, siis esimene ei l‰he ka l‰bi
--kik uuendused peavad 

--- transaction ACID test

--- edukas transaction peab l‰bima ACID testi:
-- A - atomic e aatomlikus
-- C - consistent e j‰rjepidevus
-- I - isolated e isoleeritus
-- D - durable e vastupidav

--- Atomic - kik tehingud transactionis on kas edukalt t‰idetud vi need
-- l¸katakse tagasi. Nt, mlemad k‰sud peaksid alati nnestuma. Andmebaas
-- teeb sellisel juhul: vtab esimese update tagasi ja veeretab selle algasendisse
-- e taastab algsed andmed

--- Consistent - kik transactioni puudutavad andmed j‰etakse loogiliselt
-- j‰rjepidevasse olekusse. Nt, kui laos saadaval olevaid esemete hulka
-- v‰hendatakse, siis tabelis peab olema vastav kanne. Inventuur ei saa
-- lihtsalt kaduda

--- Isolated - transaction peab andmeid mjutama, sekkumata teistesse
-- samaaegsetesse transactionitesse. See takistab andmete muutmist, mis
-- phinevad sidumata tabelitel. Nt, muudatused kirjas, mis hiljem tagasi
-- muudetakse. Enamik DB-d kasutab tehingute isoleerimise s‰ilitamiseks
-- lukustamist

--- Durable - kui muudatus on tehtud, siis see on p¸siv. Kui s¸steemiviga vi
-- voolukatkestus ilmneb enne k‰skude komplekti valmimist, siis t¸histatakse need
-- k‰sud ja andmed taastakse algsesse olekusse. Taastamine toimub peale
-- s¸steemi taask‰ivitamist.

			