-- teeme andmebaasi ehk db
create database IKT25tar

-- andmebaasi valimine
use IKT25tar


-- andmebaasi kustutamine
drop database IKT25tar

-- teeme uuesti andmebaasi IKT25tar
create database IKT25tar

-- teeme tabeli
create table Gender
(
--Meil on muutuja Id,
--mis on täisarv andmetüüp,
--kui sisetad andmed, siis see veerg peab olema täidetud
--tegemist on primaarvőtmega
Id int not null primary key,
--Veeru nimi on Gender,
--10 tähemärki on max pikkus
--andmed peavad olema sisestatud ehk
-- ei tohi olla tühi
Gender nvarchar(10) not null
)

--andmete sisestamine
--proovige ise teha
-- Id 1, Gender Male
-- Id 2, Gender Female
insert into Gender (Id, Gender)
Values (1, 'Male'),
(2, 'Female');

--vaatame tabeli sisu
-- * tähendab, et näita kőike seal sees olevat infot
select * from Gender

--teeme tabeli nimega Person
--veeru nimed: Id Int not null primary key
--Name nvarchar (30)
--Email nvarchar (30)
--Genderid int
drop table Person

Create Table Person
(
Id int not null primary key,
Age nvarchar(10),
Name nvarchar(30),
Email nvarchar(30),
GenderId int
)

insert into Person (Id, Name, Email, GenderId)
values (1, 'Superman', 's@s.com', 2),
(2, 'Wonderwoman', 'w@w.com', 1),
(3, 'Batman', 'b@b.com', 2),
(4, 'Aquaman', 'a@a.com', 2),
(5, 'Catwoman', 'c@c.com', 1),
(6, 'Antman', 'ant"ant.com', 2),
(8, NULL, NULL, 2)

--näen tabelis olevat infot
select * from Person

--vőőrvőtme ühenduse loomine kahe tabeli vahel
alter table Person add constraint tblPerson_GenderId_FK
foreign key (GenderId) references Gender(Id)

--kui sisestad uue rea andmeid ja ei ole sisestanud GenderId alla
--väärtust, siis automaatselt sisestab sellele reale väärtuse 3
-- ehk unknown
alter table Person
add constraint DF_Persons_GenderId
Default 3 for GenderId

insert into Gender (Id, Gender)
values (3, 'Unknown')

insert into Person (Id, Name, Email, GenderId)
values (7, 'Black Panther', 'b@b.com', NULL)

insert into Person (Id, Name, Email)
values (9, 'Spiderman', 'spider@m.com')

select * from Person

--prriangu kustutamine
alter table Person
drop constraint DF_Persons_GenderId

--kuidas lisada veergu tabelile Person
--Veeru nimi on Age nvarchar(10)
alter table Person
add constraint CK_Person_Age check (Age > 0 and Age < 155)

--kuidas uuendada andmeid
update Person
set Age = 159
where Id = 7

select * from Person

--soovin kustutada ühe rea
  --kuidas seda teha
delete from Person
where Id = 8

-- lisame uue veeru City nvarchar(50)
alter table Person
add City nvarchar(50)

--kőik, kes elavad Gothami linnas
select * from Person where City = 'Gotham'
--kőik, kes ei ela Gothamis
select * from Person Where City != 'Gotham'
--variant nr2. kőik, kes ei ela Gothamis
select * from Person where City <> 'Gotham'

--näitab teatud vanusega inimesi
--valime 151, 35, 25
select * from Person Where Age In (151, 35, 23)
--Teine vőimalus
select * from Person Where Age = 151 or Age = 35 or Age = 23

--soovin näha inimesi vahemikus 22 kuni 41
select * from Person Where Age between 22 and 41

--wildcard ehk näitab kőik g-tähega linnad
select * from Person Where City Like 'g%';
--otsib emailid @-märgiga
select * from Person Where Email like '%@%';

--tahan näga, kellel on emailis ees ja peale @-märki üks täht
select * from Person Where Email like '_@_.com'

--kőik, kelle nimes ei ole esimene täht W, A, S
select * from Person Where Name like '[^WAS]%'

--kőik, kes elavad Gothamis ja New Yorkis
select * from Person where (City = 'Gotham' or City = 'New York')

--kőik, kes elavad Gothamis ja New Yorkis ning peavad olema
--vanemad, kui 29
select * from Person where (City = 'Gotham' or City = 'New York' and Age > 29)

--kuvab tähestikulises järjekorras inimesi ja vőtab aluseks 
-- Name veeru
select * from Person
select * from Person order by Name

--vőtab kolm esimest rida Person tabelist
select top 3 * from Person

--tund 3
--25.02.2026
--kolm esimest, aga tabeli järjestus on Age ja siis Name
select top 3 Age, Name from Person

--näita esimesed 50% tabelist
select top 50 percent * from Person
select * from Person

--järjestab vanuse järgi isikud
select * from Person order by Age desc

--muudab Age muutuja int-ks ja näitab vanuselises järjestuses
-- cast abil saab andmetüüpi muuta
select * from Person order by cast(Age as int) desc

-- kőikide isikute koondvanus e liidab kőik kokku
select sum(cast(Age as int)) from Person

--kőige noorem isik tuleb üles leida
select min(cast(Age as int)) from Person

--kőige vanem isik
select max(cast(Age as int)) from Person

--muudame Age muutuja int peale
-- näeme konkreetsetes linnades olevate isikute koondvanust
select City, sum(Age) as TotalAge from Person group by City

--kuidas saab koodiga muuta andmetüüpi ja selle pikkust
alter table Person 
alter column Name nvarchar(25)

-- kuvab esimeses reas välja toodud järjestuses ja kuvab Age-i 
-- TotalAge-ks
--järjestab City-s olevate nimede järgi ja siis Genderid järgi
--kasutada group by-d ja order by-d
select City, GenderId, sum(Age) as TotalAge from Person
group by City, GenderId
order by City

--näitab, et mitu rida andmeid on selles tabelis
select count(*) from Person

--näitab tulemust, et mitu inimest on Genderid väärtusega 2
--konkreetses linnas
--arvutab vanuse kokku selles linnas
select GenderId, City, sum(Age) as TotalAge, count(Id) as 
[Total Person(s)] from Person
where GenderId = '1'
group by GenderId, City

--näitab ära inimeste koondvanuse, mis on üle 41 a ja
--kui palju neid igas linnas elab
--eristab inimese soo ära
select GenderId, City, sum(Age) as TotalAge, count(Id) as 
[Total Person(s)] from Person
where GenderId = '2'
group by GenderId, City having sum(Age) > 41

--loome tabelid Employees ja Department
create table Department
(
Id int primary key,
DepartmentName nvarchar(50),
Location nvarchar(50),
DepartmentHead nvarchar(50)
)

create table Employees
(
Id int primary key,
Name nvarchar(50),
Gender nvarchar(50),
Salary nvarchar(50),
DepartmentId int
)

insert into Employees (Id, Name, Gender, Salary, DepartmentId)
values (1, 'Tom', 'Male', 4000, 1),
(2, 'Pam', 'Female', 3000, 3),
(3, 'John', 'Male', 3500, 1),
(4, 'Sam', 'Male', 4500, 2),
(5, 'Todd', 'Male', 2800, 2),
(6, 'Ben', 'Male', 7000, 1),
(7, 'Sara', 'Female', 4800, 3),
(8, 'Valarie', 'Female', 5500, 1),
(9, 'James', 'Male', 6500, NULL),
(10, 'Russell', 'Male', 8800, NULL)

insert into Department(Id, DepartmentName, Location, DepartmentHead)
values 
(1, 'IT', 'London', 'Rick'),
(2, 'Payroll', 'Delhi', 'Ron'),
(3, 'HR', 'New York', 'Christie'),
(4, 'Other Department', 'Sydney', 'Cindrella')

select * from Department
select * from Employees

---
select Name, Gender, Salary, DepartmentName
from Employees
left join Department
on Employees.DepartmentId = Department.Id
---

--arvutab k]ikide palgad kokku Employees tabelist
select sum(cast(Salary as int)) from Employees --arvutab kőikide palgad kokku
-- kőige väiksema palga saaja
select min(cast(Salary as int)) from Employees

--näitab veerge Location ja Palka. Palga veerg kuvatakse TotalSalary-ks
--teha left join Department tabeliga
--grupitab Locationiga
select Location, sum(cast(Salary as int)) as TotalSalary
from Employees
left join Department
on Employees.DepartmentId = Department.Id
group by Location

--rida 257
-- 4 tund

select * from Employees
select SUM(cast(Salary as int)) from Employees

--lisame veeru City ja pikkus on 30

alter table Employees
add City nvarchar(30)

select City, Gender, SUM(cast(Salary as int)) as TotalSalary
from Employees
group by City, Gender

--peaaegu sama päring, aga linnad on tähestikulises järjestuses
select City, Gender, SUM(cast(Salary as int)) as TotalSalary
from Employees
group by City, Gender order by City

--on vaja teada, etmitu inimest on nimekirjas

Select COUNT(*) From Employees

--mitu töötajat on soo ja linna kaupa töötamas
select City, Gender, SUM(cast(Salary as int)) as TotalSalary,
COUNT(Id) as [Total Employee(s)]
from Employees
group by Gender, City

--kuvab kas naised vői mehed linnade kaupa
--kasutage where

select City, Gender, SUM(cast(Salary as int)) as TotalSalary,
COUNT(Id) as [Total Employee(s)]
from Employees
Where Gender = 'Male'
group by Gender, City

--sama tulemus nagu eelmine, aga kasutame having

select City, Gender, SUM(cast(Salary as int)) as TotalSalary,
COUNT(Id) as [Total Employee(s)]
from Employees
group by Gender, City
Having Gender = 'Male'

--kőik kes teenivad rohkem kui 4000 (variandis peab error tulema)
select * from Employees
where SUM(cast(Salary as int)) > 4000

--teeme variandi, kus saame tulemuse
select  Gender, City, SUM(cast(Salary as int)) as TotalSalary,
COUNT(Id) as [Total Employee(s)]
from Employees
group by Gender, City
having SUM(CAST(salary as int)) > 4000

--loome tabeli, milles hakatakse automaatselt nummerdama Id-d
create table Test1
(
Id int identity(1,1),
Value nvarchar(20)
)

insert into Test1 values('X')
select * from Test1

--kustutame veeru nimega City Employees tabelist
alter table Emloyees 
drop column City

--inner join
--kuvab neid, kellel on DepartmentName al olemas väärtus
--mitte kattuvad read eemaldtakse tulemusest
--ja sellepärast ei näidata Jamesi ja Russelit tabelis
--kuna neil on DepartmentId NULL
select Name, Gender, Salary, DepartmentName
from Employees
inner join Department 
on Employees.DepartmentId = Department.Id

--left join
select Name, Gender, Salary, DepartmentName
from Employees
left join Department --vőib kasutada ka LEFT OUTER JOIN-i
on Employees.DepartmentId = Department.Id
--uurige, mis on left join
--näitab andmeid, kus vasakpoolsest tabelist isegi, siis kui sela puudub
--mőnes reas väärtus

--right join
select Name, Gender, Salary, DepartmentName
from Employees
right join Department --vőib kasutada ka RIGHT OUTER JOIN-i
on Employees.DepartmentId = Department.Id
--right join näitab paremas (Department) tabelis olevaid väärtuseid,
--mis ei ühti vasaku (Employees) tabeliga

--outer join
select Name, Gender, Salary, DepartmentName
from Employees
full outer join Department 
on Employees.DepartmentId = Department.Id
--mőlema tabeli read kuvab

--teha croos join
select Name, Gender, Salary, DepartmentName
from Employees
cross join Department 
--korrutab kőik omavahel läbi

--teha left join, kus Employees tabelist Department on null
select Name, Gender, Salary, DepartmentName
from Employees
left join Department 
on Employees.DepartmentId = Department.Id
where Employees.DepartmentId is NULL

--teine variant ja sama tulemus
select Name, Gender, Salary, DepartmentName
from Employees
left join Department 
on Employees.DepartmentId = Department.Id
where Department.Id is NULL
--näitab ainult neid, kellel on vasakus tabelis (Employees)
--DepartmentId null

select Name, Gender, Salary, DepartmentName
from Employees
right join Department 
on Employees.DepartmentId = Department.Id
where Employees.DepartmentId is NULL
--näitab ainult paremas tabelis olevat rida, 
--mis ei kattu Employees-ga.

--full join
--mőlema tabeli mitte-kattuvate väärtustega read kuvab välja
select Name, Gender, Salary, DepartmentName
from Employees
full join Department 
on Employees.DepartmentId = Department.Id
where Employees.DepartmentId is NULL
or Department.Id is null

--teete ArventureWorksLT2019 andmebaasile join päringuid:
--inner join, left join, right join, cross join ja full join
--tabeleid sellesse andmebaasi juurde ei tohi teha

USE AdventureWorksLT2019
select NameStyle, Title, FirstName
from SalesLT.Customer
cross join SalesLT.CustomerAddress

USE AdventureWorksLT2019
select NameStyle, Title, FirstName
from SalesLT.Customer
inner join SalesLT.CustomerAddress
on SalesLT.CustomerAddress.CustomerId = SalesLT.Customer.CustomerId

USE AdventureWorksLT2019
select NameStyle, Title, FirstName
from SalesLT.Customer
left join SalesLT.CustomerAddress
on SalesLT.CustomerAddress.CustomerId = SalesLT.Customer.CustomerId

USE AdventureWorksLT2019
select NameStyle, Title, FirstName
from SalesLT.Customer
right join SalesLT.CustomerAddress
on SalesLT.CustomerAddress.CustomerId = SalesLT.Customer.CustomerId

USE AdventureWorksLT2019
select NameStyle, Title, FirstName
from SalesLT.Customer
full join SalesLT.CustomerAddress
on SalesLT.CustomerAddress.CustomerId = SalesLT.Customer.CustomerId
where SalesLT.CustomerAddress.CustomerId is NULL
or SalesLT.customer.CustomerId is NULL

--Mőnikord peab muutuja ette kirjutama tabeli nimetuse nagu on Prodyct.Name,
--et editor saaks aru, et kumma tabeli muutujat soovitatakse kasutada ja ei tekiks
--segadust 
select Product.Name as [Product Name], ProductNumber, ListPrice,
ProductModel.Name as [Product Model Name],
Product.productModelId, ProductModel.ProductModelId
--mőnikord peab ka tabeli ette kirjutama täpsustuse info
--nagu on SalesLT.Product
from SalesLT.Product
inner join SalesLT.ProductModel
--antud juhul Producti tabelis ProductModelId vőőrvőti,
--mis ProdustModeli tabelis on primaatvőti
on Product.ProductModelId = ProductModel.ProductModelId

select isnull('Ingvar', 'No Manager') as Manager

--NULL asemel kuvab No Manager
select coalesce(NULL, 'No Manager') as Manager

alter table Employees 
add ManagerId int

--neile, kelle ei ole ülemust, siis paneb No Manager teksti
--kasutage left joini
select E.Name as Employee, isnull(M.Name, 'No Manager') as Manager
from Employees E
left join Employees M
on E.ManagerId = M.Id

--kasutame inner joini
--kuvab ainult ManagerId all olevate isikute väärtused
select E.Name as Employee, isnull(M.Name, 'No Manager') as Manager
from Employees E
inner join Employees M
on E.ManagerId = M.Id

--kőik saavad kőikide ülemused olla
select E.Name as Employee, isnull(M.Name, 'No Manager') as Manager
from Employees E
cross join Employees M

--lisame Employees tabelisse uued veerud
alter table Employees
add MiddleName nvarchar (30)

alter table Employees
add LastName nvarchar (30) 

select * from Employees 

--muudame olemasoleva veeru nimetust
sp_rename 'Employees.Name', 'FirstName'

sp_rename 'Employees.FristName', 'FirstName'

select * from Employees
update Employees set MiddleName = '007' where Id = 9
update Employees set MiddleName = 'Balerine' where Id = 8
update Employees set MiddleName = 'Nick' where Id = 1
update Employees set MiddleName = 'Todd' where Id = 5
update Employees set MiddleName = 'Ten' where Id = 6
update Employees set FirstName = NULL where Id = 5
update Employees set FirstName = NULL where Id = 10
update Employees set LastName = 'Crowe' where Id = 10
update Employees set LastName = 'Bond' where Id = 9
update Employees set LastName = 'Connor' where Id = 7
update Employees set LastName = 'Sven' where Id = 6
update Employees set LastName = 'Someone' where Id = 5
update Employees set LastName = 'Smith' where Id = 4
update Employees set LastName = 'Anderson' where Id = 2
update Employees set LastName = 'Jones' where Id = 1

--igast reast vőtab esimesena täidetud lahtri ja kuvab ainult seda
select * from Employees
select Id, coalesce(FirstName, MiddleName, LastName) as Name
from Employees

--loome kaks tabelit
create table IndianCustomers
(
Id int identity(1,1),
Name nvarchar(25),
Email nvarchar(25)
)

create table UKCustomers
(
Id int identity(1,1),
Name nvarchar(25),
Email nvarchar(25)
)


--sisestame tabalisse andmeid
insert into IndianCustomers (Name, Email)
values ('Raj', 'R@R.com'),
('Sam', 'S@S.com')

insert into UKCustomers (Name, Email)
values ('Ben', 'B@B.com'),
('Sam', 'S@S.com')

select * from IndianCustomers
select * from UKCustomers

--kasutane union all, mis näitab kőiki ridu
--union all ühendab tabelid ja näitab sisu

select Id, Name, Email from IndianCustomers
union all
select Id, Name, Email from UKCustomers

--korduvate väärtustega read pannakse ühte ja ei korrata
select Id, Name, Email from IndianCustomers
union
select Id, Name, Email from UKCustomers

select Id, Name, Email from IndianCustomers
union all
select Id, Name, Email from UKCustomers
Order by Name

--stored procedure
--tavaliselt pannakse nimetuse ette sp, mis tähendab stored procedure
create procedure spGetEmployees
as begin
select FirstName, Gender from Employees
end

--nüüd saab kasutada selle nimelist sp-d 
spGetEmployees
exec spGetEmployees
execute spGetEmployees

create proc spGetEmployeesByGederAndDepartment
--@ tähendab muutjat
@Gender nvarchar(20),
@DepartmentId int
as begin
select FirstName, Gender, DepartmentId from Employees where Gender = @Gender
AND DepartmentId = @DepartmentId
end

EXECute spGetEmployeesByGenderAndDepartment

--kui nüüd allolevat käsklust käima panna, siis nőuab gender parameetrit
spGetEmployeesByGenderAndDepartment

--őige variant
spGetEmployeesByGenderAndDepartment 'Male', 1	
spGetEmployeesByGenderAndDepartment 'Female', 3	

--niimodi sp kirja pandud järjekorrast mööda minna, kui ise paned muut
spGetEmployeesByGenderAndDepartment @DepartmentId = 1, @Gender= 'Male'

--saab sp sisu vaadata result vaates
sp_helptext spGetEmployeesByGenderAndDepartment

--kuidas muuta sp-d ja panna sinna vőti peale, et keegi teine peale teie ei saaks muuta
--kuskile tuleb lisada with encryption
alter proc spGetEmployeesByGederAndDepartment
@Gender nvarchar(20),
@DepartmentId int 
with encryption
as begin
select FirstName, Gender, @DepartmentId from Employees where Gender = @Gender
and DepartmentId = @DepartmentId

--sp tegemine
create proc spGetEmployeeCountByGender
@Gender nvarchar(20),
@EmployeeCount int output 
as begin
select @EmployeeCount = COUNT(Id) from Employees where Gender = @Gender
end

--annab tulemuse, kus loendab ära nőuetele vastavad read 
--prindib ka tulemuse kirja teel
--tuleb teha declare muutja @TotalCount, mis on int
--execute spGetEmployeeCountByGender sp, kus on parameetrid Male ja TotalCount
--if ja else, kui TotalCount = 0, siis tuleb tekst TotalCount is null
--lőpus kasuta print @TotalCounti puhul


declare @TotalCount int

-- Stored procedure
execute spGetEmployeeCountByGender 'Male', @TotalCount out
if(@TotalCount = 0)
print '@TotalCount is null'
else 
print '@Total is not null'
print @TotalCount
--lőpus kasuta print @TotalCounti puhul

--näitab ära, mitu rida vastab nőuetele

--deklareerime muutuja @TotalCount, mis on int andmetüüp
declare @TotalCount int
--käivitame stored procedure spGetEmployeeCountByGender sp, kus on parameetrid
--@EmployeeCount = @TotalCount out ja @Gender
execute spGetEmployeeCountByGender @EmployeeCount = @TotalCount out, @Gender= 'Male'
--prindib konsooli välja, kui TotalCount on null vői mitte null
print @TotalCount

--sp sisu vaatamine
sp_help spGetEmployeeCountByGender
--tabeli info vaatamine
sp_help Employees
--kui soovid sp teksti näha, siis
sp_helptext spGetEmployeeCountByGender

--vaatame, millest sőltub meie valitud sp
sp_depends spGetEmployeeCountByGender
--näitab, et sp sältub Employees tabelist, kuna seal on count(Id)
--ja Id on Employees tabelis

--vaatame tabelit
sp_depends Employees

--teeme sp, mis annab andmeid Id ja Name veeruga kohta Employees tabelis
create proc spGetNameById
@Id int,
@Name nvarchar(20) output
as begin
	select @Id = Id, @Name = FirstName from Employees 
end

--annab kogu tabeli ridade arvu
create proc spTotalCount2
@TotalCount int output
as begin
	select @TotalCount = count(Id) from Employees
end

--on vaja teha uus päring, kus kasutame spTotalCount2 sp-d,
--et saada tabeli ridade arv
--tuleb deklareerida muutuja @TotalCount, mis int andmetüüp
--tuleb execute spTotalCount2, kus on parameeter @TotalCount = @TotalCount out
declare @TotalCount int

execute spTotalCount2
@TotalCount = @TotalCount out
select @TotalCount

--mis Id all on keegi nime järgi
create proc spGetNameById1
@Id int,
@FirstName nvarchar(20) output
as begin
	select @FirstName = FirstName from Employees where Id = @Id
end

--annab tulemuse, kus id 1(Seda numbrit saab muuta) real on keegi koos nimeg
--print tuleb kasutada, et näidata tulemust
declare @FirstName nvarchar(20)
execute spGetNameById1 1, @FirstName output
print 'Name of the employee = ' + @FirstName

--tehke sama, mis eelmine, aga kasutage spGetNameById sp-d
--FirstName lőpus on out
declare @FirstName nvarchar(20)
execute spGetNameById 1, @FirstName out 
print 'Name = ' + @FirstName

--output tagastab muudetud read kohe päringu tuemusena
--see on salvestatud protseduuris ja ühe väärtuse tagastamine

sp_help spGetNameById

create proc spGetNameById2
@Id int
--kui on begin, siis on ka end kuskil olemas
as begin
	return (select FirstName from Employees where Id = @Id)
end

--tuleb veateade kuna kutsusime välja int-i, aga Tom on nvarchar
declare @EmployeeName nvarchar(50)
execute @EmployeeName = spGetNameById2 1
print 'Name of the employee = ' + @EmployeeName

--sisseehitatud string funktsioonid 
--see konverteerib ASCII tähe väärtus numbriks
select ASCII('A')

select char(65)

--prindime kogu tähestiku välja
declare @Start int

set @Start = 97
--kasutate While, et näidata kogu tähestik
declare @Start INT = 97;

while @Start <= 122
begin
    select char(@Start);
    set @Start = @Start + 1;
end;

--eemalda tühjad kohad sulgudes
select('          Hello')
select LTRIM('          Hello')

--tühikute eemaldamine veerust, mis on tabelis
select FirstName, MiddleName, LastName from Employees
--eemaldage tühikud FirstName veerust ära 
select LTRIM(FirstName) as FirstName, MiddleName, LastName
from Employees

--paremalt poolt tühjad stringid lőikab ära
select rtrim('      Hello       ')

--keerab kooli sees olevate andmed vastupidiseks
--vastavalt lower-ga ja upper-ga saan muuta märkide suurust
--reverse funktsioon pöörab kőik ümber
select Reverse(upper(ltrim(FirstName))) as FirstName, MiddleName, lower(LastName),
rtrim(ltrim(FirstName)) + ' ' + MiddleName + ' ' FullName
from Employees

--lest, right, substring
--vasakult poolt neli esimest tähte
select left('ABCDEF', 4)
--paremalt poolt kolm tähte
select right('ABCDEF', 3)

--kuvab @-tähemärgi asetust e mitmes on @-märk
select CHARINDEX('@', 'sara@aaa.com')

--esimene nr peale komakohta näitab, et mitmendast alustab ja
--siis mitu nr peale seda kuvab
select SUBSTRING('pam@bbb.com', 5, 2)

-- @ - märgist kuvab kolm tähemärki. Viimase nr saab määrata pikkust
select SUBSTRING('pam@bbb.com', charindex('@', 'pam@bbb.com') + 1, 3)

--peale @-märki hakkab kuvama tulemust, nr saab kaugust seadistada 
select SUBSTRING('pam@bbb.com', charindex('@', 'pam@bbb.com') + 5,
len('pam@bbb.com') - charindex('@', 'pam@bbb.com'))

alter table Employees
add Email nvarchar(20)

update Employees
set Email = case Id
    when 1 then 'tom@aaa.com'
    when 2 then 'pam@bbb.com'
    when 3 then 'john@bbb.com'
    when 4 then 'sam@aaa.com'
    when 5 then 'todd@ccc.com'
    when 6 then 'ben@bbb.com'
    when 7 then 'sara@ccc.com'
    when 8 then 'valarie@aaa.com'
    when 9 then 'james@bbb.com'
    when 10 then 'russel@bbb.com'
end
where Id IN (1,2,3,4,5,6,7,8,9,10);

select * from Employees

--soovi teada saada domeeniinimesed emailides
select SUBSTRING (Email, Charindex('@', Email) + 1,
len (Email) - charindex('@', Email)) as EmailDomain
from Employees

--alates teisest tähest emailis kuni @ märgini on tärnid 
select 
    FirstName, 
    LastName,
    LEFT(Email, 2) +
    REPLICATE('*', CHARINDEX('@', Email) - 3) + 
    SUBSTRING(Email, CHARINDEX('@', Email), LEN(Email)) as MaskedEmail
from Employees;

--kolm korda näitab stringis olevat väärtust
select replicate('asd', 3)

--tühiku sisestamine 
select space(5) 

--tühiku sisestamine FirstName ja Last Name vahele
select FirstName + space(25) + LastName as FullName
from Employees

--PATINDEX
--sama, mis charidex, aga dünaamilisem ja saab kasutada wildcardi
select Email, PATINDEX('%@aaa.com', Email) as FirstOccurence
from Employees 
where PATINDEX('%@aaa.com', Email) > 0
--leian kőik selle domeeni esindeja ja alates mitmendas märgist algab @

--kőik .com emailid asendab .net-ga
select Email, replace (Email, '.com', '.net') as ConvertedEmail
from Employees

--soovin asenadada peale esimest märki kolm tähte viies tärniga 
select  FirstName, LastName, Email,
    stuff(Email, 2, 3, '*****') as StuffedEmail
from Employees

create table DateTime
(
	c_time time,
	c_date date,
	c_smalldatetime smalldatetime,
	c_datetime datetime,
	c_datetime2 datetime2,
	c_datetimeoffset datetimeoffset
)

select * from Employees 

--konkreetse masina kellaaeg
select getdate(), 'GETDATE()'

insert into DateTime
values (getdate(), getdate(), getdate(), getdate(), getdate(), getdate())

select * from DateTime

update DateTime sel c_datetimeoffset = '2026-03-19 14:27:01.0366667 +10:00'
where c_datetimeoffset = '2026-03-19 14:27:01.0366667 +00:00'

select Current_Timestamp, 'Current_Timestamp' --aja päring
select SYSDATETIME(), 'SYSDATETIME' --veel täpsem aja päring
select SYSDATETIMEOFFSET(), 'SYSDATETIMEOFFSET' --täone aeg koos ajalise nihkega
select GETUTCDATE(), 'GETUTCDATE'--UTC aeg

--saab kontrollida, kas on őige andmetüüp
select isdate('asd') --tagastab 0 kuna string ei ole date
--kuidas saada vastuseks 1 isdate pihul?
select isdate(GETDATE())
select isdate('2026-03-19 14:27:01.0366667') --tagastab 0 kuna max kolm koma kohta vőib olla
select isdate('2026-03-19 14:27:01.036') --tagastab 1
select DAY(GETDATE()) --annab tänase päeva nr
select DAY('01/24/2026') --annab stringis oleva kuupäeva ja järjestus peab olema őige
select Month(GETDATE()) --annab jooksva kuu nr
select Month('01/24/2026') --annab stringis oleva kuu ja järjestus peab olema őige
select Year(GETDATE()) --annab jooksva aasta nr
select Year('01/24/2026') --annab stringis oleva aasta ja järjestus peab olema őige


select datename(day, '2026-04-08 14:49:28.193') --annab stringis oleva päeva nr
select datename(weekday, '2026-04-08 14:49:28.193') --annab stringis oleva päeva sőnana
select datename(month, '2026-04-08 14:49:28.193') --annab stringis oleva kuu sőnana

create table EmployeesWithDates
(
	Id nvarchar(2),
	Name nvarchar(20),
	DateOfBirth datetime
)

INSERT INTO EmployeesWithDates  (Id, Name, DateOfBirth)  
VALUES (1, 'Sam', '1980-12-30 00:00:00.000');
INSERT INTO EmployeesWithDates  (Id, Name, DateOfBirth)  
VALUES (2, 'Pam', '1982-09-01 12:02:36.260');
INSERT INTO EmployeesWithDates  (Id, Name, DateOfBirth)  
VALUES (3, 'John', '1985-08-22 12:03:30.370');
INSERT INTO EmployeesWithDates  (Id, Name, DateOfBirth)  
VALUES (4, 'Sara', '1979-11-29 12:59:30.670');

select * from EmployeesWithDates
truncate table EmployeesWithDates
--- rida 861
--- tund 9

--kuidas vőtta ühest veerust andmeid ja selle abil luua uued veerud
 
--vaatab DoB veerust päeva ja kuvab päeva nimetuse sőnana
select Name, DateOfBirth, Datename(weekday, DateOfBirth) as [Day],
	--vaatab VoB veerust kuupäevasid ja kuvab kuu nr 
	Month(DateOfBirth) as MonthNumber,
	--vaatab DoB veerust kuud ja kuvab sőnana
	DateName(Month, DateOfBirth) as [MonthName], 
	--vőtab DoB veerust aasta
	Year(DateOfBirth) as [Year]
from EmployeesWithDates

--kuvab 3 kuna USA nädal algab pühapäevaga
select Datepart(weekday, '2026-03-24 12:59:30.670')
--tehke sama, aga kasutage kuu-d
select Datepart(month, '2026-03-24 12:59:30.670')
--liidab stringis olevale kp 20 p'eva juurde
select Dateadd(day, 20, '2026-03-24 12:59:30.670')
--lahutab 20 päeva maha
select Dateadd(day, -20, '2026-03-24 12:59:30.670')
--kuvab kahe stringis oleva kuudevahelist aega nr-na
select datediff(month, '11/20/2026', '01/20/2024')
--tehke sama, aga kasutage aastat
select datediff(year, '11/20/2026', '01/20/2028')

-- alguses uurite, mis on funktsioon MS SQL
-- eelkirjutatud toimingud, salvestatud tegevus
-- miks seda on vaja
--pakkuda DB-s korduvkasutatud funktsionaalsust
-- mis on selle eelised ja puudused
--saad kiiresti kasutada toiminguid ja ei pea uuesti koodi kirjutama
--funktsioon ei tohi muuta DB olekut

create function fnComputeAge(@DOB datetime)
returns nvarchar(50)
as begin
	declare @tempdate datetime, @years int, @months int, @days int
	select @tempdate = @DOB

	select @years = datediff(year, @tempdate, getdate()) - case when (month(@DOB) >
	month(getdate())) or (month(@DOB) = month(getdate()) and day(@DOB) > day(getdate()))
	then 1 else 0 end
	select @tempdate = dateadd(year, @Years, @tempdate)

	select @months = datediff(month, @tempdate, getdate()) - case when day(@DOB) > day(getdate()) 
	then 1 else 0 end
	select @tempdate = dateadd(MONTH, @months, @tempdate)

	select @days = datediff(day, @tempdate, getdate())

	declare @Age nvarchar(50)
		set @Age = cast(@years as nvarchar(4)) + ' Years ' + cast(@months as nvarchar(2))
		+ ' Months ' + cast(@days as nvarchar(2)) + ' Days old '
	return @Age
end

select Id, Name, DateOfBirth, dbo.fnComputeAge(DateOfBirth) as Age from EmployeesWithDates

--rida 902
--tund 10
--31.03.2026

--kui kasutame seda funktsiooni, siis saame teada tänase päeva vahet stringis välja tooduga
select dbo.fnComputeAge('02/24/2010') as Age

-- nr peale DOB muutujat näitab, et mismoodi kuvada DOB-d
select Id, Name, DateOfBirth,
convert(nvarchar, DateOfBirth, 108) as ConvertedDOB
from EmployeesWithDates

select Id, Name, Name + ' - ' + cast(Id as nvarchar) as [Name-Id] from EmployeesWithDates

select cast(getdate() as date) --tänane kp
--tänane kp, aga kasutate convert-i, et kuvada stringina
select convert(date, getdate())

--matemaatilised funktsioonid
select ABS(-5) --abs on absoluutväärtusega number ja tulemuseks saame ilma miinus märgita 5
select CEILING(4.2) --ceiling on funktsioon, mis ümardab ülespoole ja tulemuseks saame 5
select CEILING(-4.2) --ceiling ümardab ka miinus numbrid ülespoole, mis tähendab, et saame -4
select floor(15.2) --floor on funktsioon, mis ümardab alla ja tulemuseks saame 15
select floor(-15.2) --floor ümardab ka miinus numbrid alla, mis tähendab, et saame -16
select power(2, 4) --kaks astmes neli
select square(9) --antud juhul 9 ruudus
select sqrt(16) --antud juhul 16 ruutjuur

select rand() --rand on funktsioon, mis genereerib 
--juhusliku numbri vahemikus 0 kuni 1
--kuidas saada täisnumber iga kord
select floor(rand() * 100) --korrutab sajaga iga suvalise numbri

--iga kord näitab 10 suvalist numbrit
declare @counter int
set @counter = 1
while (@counter <= 10)
begin
	print floor(rand() * 100)
	set @counter = @counter + 1
end

select ROUND(850.556, 2) 
--round on funktsioon, mis ümardab kaks komakohta 
--ja tulemuseks saame 850.56
select ROUND(850.556, 2, 1) 
--round on funktsioon, mis ümardab kaks komakohta ja 
--kui kolmas parameeter on 1, siis ümardab alla
select ROUND(850.556, 1)
--round on funktsioon, mis ümardab ühe komakoha ja
--tulemuseks saame 850.6
select ROUND(850.556, 1, 1) --ümardab alla ühe komakoha pealt 
--ja tulemuseks saame 850.5
select ROUND(850.556, -2) --ümardab täisnr ülessepoole ja tulemus on 900
select ROUND(850.556, -1) --ümardab täisnr alla ja tulemus on 850

---
create function dbo.CalculateAge(@DOB date)
returns int
as begin 
declare @Age int

	set @Age = DATEDIFF(year, @DOB, GETDATE()) - 
	case 
		when (MONTH(@DOB) > MONTH(GETDATE())) or 
			 (MONTH(@DOB) = MONTH(GETDATE()) and DAY(@DOB) > DAY(GETDATE())) 
			 then 1 else 0 end
	return @Age
end

--kui valmis, siis proovige seda funktsiooni 
--ja vaadake, kas annab őige vanuse
exec dbo.CalculateAge '1980-12-30'

--arvutab välja, kui vana on isik ja vőtab arvesse kuud ning päevad
--antud juhul näitab kőike, kes on üle 36 a vanad
select Id, Name,  dbo.CalculateAge(DateOfBirth) as Age from EmployeesWithDates
where dbo.CalculateAge(DateOfBirth) > 36

--- rida 970
--- tund 11
--- 02.04.2026

--- inline table valued functions
alter table EmployeesWithDates
add DepartmentId int
alter table EmployeesWithDates
add Gender nvarchar(10)

select * from EmployeesWithDates

update EmployeesWithDates set Gender = 'Male', DepartmentId = 1
where Id = 1
update EmployeesWithDates set Gender = 'Female', DepartmentId = 2
where Id = 2
update EmployeesWithDates set Gender = 'Male', DepartmentId = 1
where Id = 3
update EmployeesWithDates set Gender = 'Female', DepartmentId = 3
where Id = 4
insert into EmployeesWithDates (Id, Name, DateOfBirth, DepartmentId, Gender)
values (5, 'Todd', '1978-11-29 12:59:30.670', 1, 'Male')

-- scalar function annab mingis vahemikus olevaid andmeid, 
-- inline table values ei kasuta begin ja end funktsioone
-- scalar annab väärtused ja inline annab tabeli
create function fn_EmployeesByGender(@Gender nvarchar(10))
returns table
as
return (select Id, Name, DateOfBirth, DepartmentId, Gender
		from EmployeesWithDates
		where Gender = @Gender)

--kuidas leida kőik naised tabelis EmployeesWithDates
-- ja kasutada funktsiooni fn_EmployeesByGender
select * from fn_EmployeesByGender('female')

--tahaks ainult Pami nime näha
select * from fn_EmployeesByGender('female')
where Name = 'Pam'

select * from Department

--kahest erinevast tabelist andmete vőtmine ja 
--koos kuvamine 
--esimene on funktsioon ja teine tabel

select Name, Gender, DepartmentName
from fn_EmployeesByGender('Male') E
join Department D on D.Id = E.DepartmentId

--multi tabel statement
--inline funktsioon
create function fn_GetEmployees()
returns table as
return (select Id, Name, cast(DateOfBirth as date)
		as DOB
		from EmployeesWithDates)

select * from fn_GetEmployees()

--multi-state puhul peab defineerima uue tabeli veerud koos muutujatega
--funktsiooni nimi on fn_MS_GetEmployees()
--peab edastama meile Id, Name, DOB tabelist EmployeesWithDates
create function fn_MS_GetEmployees()
returns @Table Table (Id int, Name nvarchar(20), DOB date)
as begin
	insert into @Table
	select Id, Name, CAST(DateOfBirth as date) from EmployeesWithDates
	return
end

select * from fn_MS_GetEmployees()

--- inline tabeli funktsioonid on paremini töötamas kuna käsitletakse vaatena
--- multi puhul on pm tegemist stored proceduriga ja kulutab ressurssi rohkem

--	muudame andmeid ja vaatame, kas inline funktsioonis on muutused kajastatud
update fn_GetEmployees() set Name = 'Sam1' where Id = 1 
select * from fn_GetEmployees() --saab muuta andmeid

update fn_MS_GetEmployees() set Name = 'Sam2' where Id = 1
--	ei saa muuta andmeid multi state funktsioonis, 
--	kuna see on nagu stored procedure

--deterministic vs non-deterministic functions
--deterministic funktsioonid annavad alati sama tulemuse, kui sisend on sama
select count(*) from EmployeesWithDates
select SQUARE(4)

--non-deterministic funktsioonid annavad erineva tulemuse, kui sisend on sama
select getdate()
select CURRENT_TIMESTAMP
select rand()

--- rida 1056
--- tund 12
--- 16.04.26


--loome funktsiooni
create function fn_GetNameById(@id int)
returns nvarchar(30)
as begin
	return (select Name from EmployeesWithDates where Id = @id)
end

---kasutame funktsiooni, leides Id 1 all oleva inimene
select dbo.fn_GetNameById(1)

select * from EmployeesWithDates

--saab näha funktsiooni sisu
sp_helptext fn_GetNameById

--nüüd muudate funktsiooni nimega fn_GetNameById
--ja panete sinna encryption, et keegi peale teie ei saaks sisu näha
alter function fn_GetNameById(@Id int)
returns nvarchar(30)
with encryption
as begin
	return (select Name from EmployeesWithDates where Id = @id)
end

--kui nüüd sp_helptexti kasutada, siis ei näe funktsiooni sisu
sp_helptext fn_GetNameById

--kasutame schemabindingut, et näha, mis on funktsiooni sisu
alter function dbo.fn_GetNameById(@Id int)
returns nvarchar(30)
with schemabinding
as begin
	return (select Name from dbo.EmployeesWithDates where Id = @id)
end
--schemabinding tähendab, et kui keegi üritab muuta EmployeesWithDates 
--tabelit, siis ei lase seda teha, kuna see on seotud 
--fn_GetNameById funktsiooniga

--ei saa kustutada ega muuta tabelit EmployeesWithDates, 
--kuna see on seotud fn_GetNameById funktsiooniga
drop table dbo.EmployeesWithDates


---temporary tables
--see on olemas ainult selle sessiooni jooksul
--kasutatakse # sümbolit, et saada aru, et tegemist on temporary tabeliga
create table #PersonDetails (Id int, Name nvarchar(20))

insert into #PersonDetails values (1, 'Sam')
insert into #PersonDetails values (2, 'Pam')
insert into #PersonDetails values (3, 'John')

select * from #PersonDetails

--temporary tabelite nimekirja ei näe, kui kasutada sysobjects 
--tabelit, kuna need on ajutised
select Name from sysobjects
where name like '#PersonDetails%'

--kustutame temporary tabeli
drop table #PersonDetails

--loome sp, mis loob temporary tabeli ja paneb sinna andmed
create proc spCreateLocalTempTable
as begin
create table #PersonDetails (Id int, Name nvarchar(20))

insert into #PersonDetails values (1, 'Sam')
insert into #PersonDetails values (2, 'Pam')
insert into #PersonDetails values (3, 'John')

select * from #PersonDetails
end
---
exec spCreateLocalTempTable

--globaalne temp tabel on olemas kogu 
--serveris ja kőigile kasutajatele, kes on ühendatud
create table ##GlobalPersonDetails (Id int, Name nvarchar(20))

--index
create table EmployeeWithSalary
(
	Id int primary key,
	Name nvarchar(20),
	Salary int,
	Gender nvarchar(10)
)

insert into EmployeeWithSalary values(1, 'Sam', 2500, 'Male')
insert into EmployeeWithSalary values(2, 'Pam', 6500, 'Female')
insert into EmployeeWithSalary values(3, 'John', 4500, 'Male')
insert into EmployeeWithSalary values(4, 'Sara', 5500, 'Female')
insert into EmployeeWithSalary values(5, 'Todd', 3100, 'Male')

select * from EmployeeWithSalary

--otsime inimesi, kelle palgavahemik on 5000 kuni 7000
select * from EmployeeWithSalary
where Salary between 5000 and 7000

--loome indeksi Salary veerule, et kiirendada otsingut
--mis asetab andmed Salary veeru järgi järjestatult
create index IX_EmployeeSalary 
on EmployeeWithSalary(Salary asc)

--saame teada, et mis on selle tabeli primaarvőti ja index
exec sys.sp_helpindex @objname = 'EmployeeWithSalary'

--tahaks IX_EmployeeSalary indeksi kasutada, et otsing oleks kiirem
select * from EmployeeWithSalary
where Salary between 5000 and 7000

--näitab, et kasutatakse indeksi IX_EmployeeSalary, 
--kuna see on järjestatud Salary veeru järgi
select * from EmployeeWithSalary with (index(IX_EmployeeSalary))

--indeksi kustutamine
drop index IX_EmployeeSalary on EmployeeWithSalary --1 variant
drop index EmployeeWithSalary.IX_EmployeeSalary --2 variant

---- indeksi tüübid:
--1. Klastrites olevad
--2. Mitte-klastris olevad
--3. Unikaalsed
--4. Filtreeritud
--5. XML
--6. Täistekst
--7. Ruumiline
--8. Veerusäilitav
--9. Veergude indeksid
--10. Välja arvatud veergudega indeksid

-- klastris olev indeks määrab ära tabelis oleva füüsilise järjestuse 
-- ja selle tulemusel saab tabelis olla ainult üks klastris olev indeks

create table EmployeeCity
(
	Id int primary key,
	Name nvarchar(20),
	Salary int,
	Gender nvarchar(10),
	City nvarchar(50)
)

exec sp_helpindex EmployeeCity

-- andmete őige järjestuse loovad klastris olevad indeksid 
-- ja kasutab selleks Id nr-t
-- pőhjus, miks antud juhul kasutab Id-d, tuleneb primaarvőtmest
insert into EmployeeCity values(3, 'John', 4500, 'Male', 'New York')
insert into EmployeeCity values(1, 'Sam', 2500, 'Male', 'London')
insert into EmployeeCity values(4, 'Sara', 5500, 'Female', 'Tokyo')
insert into EmployeeCity values(5, 'Todd', 3100, 'Male', 'Toronto')
insert into EmployeeCity values(2, 'Pam', 6500, 'Male', 'Sydney')

-- klastris olevad indeksid dikteerivad säilitatud andmete järjestuse tabelis 
-- ja seda saab klastrite puhul olla ainult üks

select * from EmployeeCity
create clustered index IX_EmployeeCityName
on EmployeeCity(Name)
--pőhjus, miks ei saa luua klastris olevat 
--indeksit Name veerule, on see, et tabelis on juba klastris 
--olev indeks Id veerul, kuna see on primaarvőti

--loome composite indeksi, mis tähendab, et see on mitme veeru indeks
--enne tuleb kustutada klastris olev indeks, kuna composite indeks 
--on klastris olev indeksi tüüp
create clustered index IX_EmployeeGenderSalary
on EmployeeCity(Gender desc, Salary asc)
-- kui teed select päringu sellele tabelile, siis peaksid nägema andmeid, 
-- mis on järjestatud selliselt: Esimeseks vőetakse aluseks Gender veerg 
-- kahanevas järjestuses ja siis Salary veerg tőusvas järjestuses

select * from EmployeeCity

--mitte klastris olev indeks on eraldi struktuur, 
--mis hoiab indeksi veeru väärtusi
create nonclustered index IX_EmployeeCityName
on EmployeeCity(Name)
--kui nüüd teed select päringu, siis näed, et andmed on 
--järjestatud Id veeru järgi
select * from EmployeeCity

--- erinevused kahe indeksi vahel
--- 1. ainult üks klastris olev indeks saab olla tabeli peale, 
--- mitte-klastris olevaid indekseid saab olla mitu
--- 2. klastris olevad indeksid on kiiremad kuna indeks peab tagasi 
--- viitama tabelile juhul, kui selekteeritud veerg ei ole olemas indeksis
--- 3. Klastris olev indeks määratleb ära tabeli ridade slavestusjärjestuse
--- ja ei nőua kettal lisa ruumi. Samas mitte klastris olevad indeksid on 
--- salvestatud tabelist eraldi ja nőuab lisa ruumi

create table EmployeeFirstName
(
	Id int primary key,
	FirstName nvarchar(20),
	LastName nvarchar(20),
	Salary int,
	Gender nvarchar(10),
	City nvarchar(50)
)

exec sp_helpindex EmployeeFirstName

insert into EmployeeFirstName values(1, 'John', 'Smith', 4500, 'Male', 'New York')
insert into EmployeeFirstName values(1, 'Mike', 'Sandoz', 2500, 'Male', 'London')

drop index EmployeeFirstName.PK__Employee__3214EC07EFD14A37
--- kui käivitad ülevalpool oleva koodi, siis tuleb veateade
--- et SQL server kasutab UNIQUE indeksit jőustamaks väärtuste 
--- unikaalsust ja primaarvőtit koodiga Unikaalseid Indekseid 
--- ei saa kustutada, aga käsitsi saab

create unique nonclustered index UIX_Employee_FirstName_LastName
on EmployeeFirstName(FirstName, LastName)

--lisame uue piirnagu peale
alter table EmployeeFirstName
add constraint UQ_EmployeeFirstNameCity
unique nonclustered (City)

--sisestage kolmas rida andmetega, mis on id-s 3, FirstName-s John, 
--LastName-s Menco ja linn on London
insert into EmployeeFirstName values(3, 'John', 'Menco', 3500, 'Male', 'London')

--saab vaadata indeksite infot
exec sp_helpconstraint EmployeeFirstName

-- 1.Vaikimisi primaarvőti loob unikaalse klastris oleva indeksi, 
-- samas unikaalne piirang loob unikaalse mitte-klastris oleva indeksi
-- 2. Unikaalset indeksit vői piirangut ei saa luua olemasolevasse tabelisse, 
-- kui tabel juba sisaldab väärtusi vőtmeveerus
-- 3. Vaikimisi korduvaid väärtuseid ei ole veerus lubatud,
-- kui peaks olema unikaalne indeks vői piirang. Nt, kui tahad sisestada 
-- 10 rida andmeid, millest 5 sisaldavad korduviad andmeid, 
-- siis kőik 10 lükatakse tagasi. Kui soovin ainult 5
-- rea tagasi lükkamist ja ülejäänud 5 rea sisestamist, siis selleks 
-- kasutatakse IGNORE_DUP_KEY

--näide
create unique index IX_EmployeeFirstName
on EmployeeFirstName(City)
with ignore_dup_key

insert into EmployeeFirstName values(5, 'John', 'Menco', 3512, 'Male', 'London1')
insert into EmployeeFirstName values(6, 'John', 'Menco', 3123, 'Male', 'London2')
insert into EmployeeFirstName values(6, 'John', 'Menco', 3220, 'Male', 'London2')
--- enne ignore käsku oleks kőik kolm rida tagasi lükatud, aga
--- nüüd läks keskmine rida läbi kuna linna nimi oli unikaalne
select * from EmployeeFirstName

--view on virtuaalne tabel, mis on loodud ühe vői mitme tabeli pőhjal
select FirstName, Salary, Gender, DepartmentName
from Employees
join Department
on Department.Id = Employees.DepartmentId

create view vw_EmployeesByDetails
as
select FirstName, Salary, Gender, DepartmentName
from Employees
join Department
on Department.Id = Employees.DepartmentId
--otsige ülesse view

--kuidas view-d kasutada: vw_EmployeesByDetails
select * from vw_EmployeesByDetails
-- view ei salvesta andmeid vaikimisi
-- seda tasub vőtta, kui salvestatud virtuaalse tabelina

-- milleks vaja:
-- saab kasutada andmebaasi skeemi keerukuse lihtsutamiseks,
-- mitte IT-inimesele
-- piiratud ligipääs andmetele, ei näe kőiki veerge

--teeme view, kus näeb ainult IT-töötajaid
create view vITEmployeesInDepartment
as
select FirstName, Salary, Gender, DepartmentName
from Employees
join Department
on Department.Id = Employees.DepartmentId
where Department.DepartmentName = 'IT'
-- ülevalpool olevat päringut saab liigitada reataseme turvalisuse 
-- alla. Tahan ainult näidata IT osakonna töötajaid

select * from vITEmployeesInDepartment


--veeru taseme turvalisus 
--peale selecti määratleb veerude näitamise ära

create view vEmployeesInDepartmentSalaryNoShow
as
select FirstName, Gender, DepartmentName
from Employees
join Department
on Employees.DepartmentId = Department.Id

select * from vEmployeesInDepartmentSalaryNoShow

--saab kasutada esitlemaks koondandmeid ja üksikasjalike andmeid
--view, mis tagastab summeeritud andmeid
create view vEmployeesCountByDepartment
as
select DepartmentName, count(Employees.Id) as TotalEmployees
from Employees
join Department
on Employees.DepartmentId = Department.Id
group by DepartmentName

select * from vEmployeesCountByDepartment

--kui soovid vaadata view sisu?
sp_helptext vEmployeesCountByDepartment
--kui soovid muuta, siis kasutad alter view

--kui soovid kustutada, siis kasutad drop view
drop view vEmployeesCountByDepartment

--andmete uuendamine läbi view
create view vEmployeesDataExceptSalary
as
select Id, FirstName, Gender, DepartmentId
from Employees

select * from Employees

update vEmployeesDataExceptSalary
set [FirstName] = 'Pam' where Id = 2

--kustutage Id 2 rida ära
delete from vEmployeesDataExceptSalary where Id = 2
--andmete sisestamine l'bi view: vEmployeesDataExceptSalary
-- Id 2, Female, osakond 2 ja nimi on Pam
insert into vEmployeesDataExceptSalary (Id, Gender, DepartmentId, FirstName)
values(2, 'Female', 2, 'Pam')

--indekseeritud view
--MS SQL-s on indekseeritud view nime all ja
-- Oracles materjaliseeritud view nimega

create table Product
(
Id int primary key,
Name nvarchar(20),
UnitPrice int
)

insert into Product values (1, 'Books', 20)
insert into Product values (2, 'Pens', 14)
insert into Product values (3, 'Pencils', 11)
insert into Product values (4, 'Clips', 10)

select * from Product

create table ProductSales
(
Id int,
QuantitySold int
)

select * from ProductSales

insert into ProductSales values(1, 10)
insert into ProductSales values(3, 23)
insert into ProductSales values(4, 21)
insert into ProductSales values(2, 12)
insert into ProductSales values(1, 13)
insert into ProductSales values(3, 12)
insert into ProductSales values(4, 13)
insert into ProductSales values(1, 11)
insert into ProductSales values(2, 12)
insert into ProductSales values(1, 14)

--loome view, mis annab meile veerud TotalSales ja TotalTransaction

alter view vTotalSalesByProduct
with schemabinding
as
select Name,
sum(isnull((QuantitySold * UnitPrice), 0)) as TotalSales,
count_big(*) as TotalTransactions
from dbo.ProductSales
join dbo.Product
on dbo.Product.Id = dbo.ProductSales.Id
group by Name

select * from vTotalSalesByProduct

--- kui soovid luua indeksi view sisse, siis peab järgima teatud reegleid
-- 1. view tuleb luua koos schemabinding-ga
-- 2. kui lisafunktsioon select list viitab väljendile ja selle tulemuseks
-- vőib olla NULL, siis asendusväärtus peaks olema täpsustatud. 
-- Antud juhul kasutasime ISNULL funktsiooni asendamaks NULL väärtust
-- 3. kui GroupBy on täpsustatud, siis view select list peab
-- sisaldama COUNT_BIG(*) väljendit
-- 4. Baastabelis peaksid view-d olema viidatud kahesosalie nimega
-- e antud juhul dbo.Product ja dbo.ProductSales.

create unique clustered index UIX_vTotalSalesByProduct_Name
on vTotalSalesByProduct(Name)

select * from vTotalSalesByProduct

--view piirangud
create view vEmployeeDetails
@Gender nvarchar(20)
as
Select Id, FirstName, Gender, DepartmentId
from Employees
where Gender = @Gender
--mis on selles views valesti???
--vaatesse e view-sse ei saa kaasa panna parameetreid e antud juhul Gender

--teha funktsioon, kus parameetriks on Gender
--soovin n'ha veerge: Id, FirstName, Gender, DepartmentId
--tabeli nimi on Employees
--funktsiooni nimi on fnEmployeeDetails
create function fnEmployeeDetails(@Gender nvarchar(20))
returns table
as return
(select Id, FirstName, Gender, DepartmentId
from Employees where Gender = @Gender)

--kasutame funktsiooni fnEmployeeDetails koos parameetriga
select * from fnEmployeeDetails('female')

--order by kasutamine
create view vEmployeeDetailsStored
as
select Id, FirstName, Gender, DepartmentId
from Employees
order by Id
--order by-d ei saa kasutada

--temp tabeli kasutamine
create table ##TestTempTable
(Id int, FirstName nvarchar(20), Gender nvarchar(20))

insert into ##TestTemptable values(101, 'Mart', 'Male')
insert into ##TestTemptable values(102, 'Joe', 'Female')
insert into ##TestTemptable values(103, 'Pam', 'Female')
insert into ##TestTemptable values(104, 'James', 'Male')

--view nimi on vOnTempTable
--kasutame ##TestTempTable
create view vOnTempTable
as
select Id, FirstName, Gender
from ##TestTempTable
--view-id ja funktsioone ei saa teha ajutistele tabelitele

--Triggerid

--DML trigger
--kokku on kolme tüüpi: DML, DDL ja LOGON

--- trigger on stored procedure eriliik, mis automaatselt käivitub, 
--- kui mingi tegevus 
--- peaks andmebaasis aset leidma

--- DML - data manipulation language
--- DML-i pőhilised käsklused: insert, update ja delete

-- DML triggereid saab klassifitseerida  kahte tüüpi:
-- 1. After trigger (kutsutakse ka FOR triggeriks)
-- 2. Instead of trigger (selmet trigger e selle asemel trigger)

--- after trigger käivitub peale sündmust, kui kuskil on tehtud insert, 
--- update ja delete

--- loome uue tabeli
create table EmployeeAudit
(
Id int identity(1, 1) primary key,
AuditData nvarchar(1000)
)

-- peale iga töötaja sisestamist tahame teada saada töötaja Id-d, 
-- päeva ning aega(millal sisestati)
-- kőik andmed tulevad EmployeeAudit tabelisse
-- andmeid sisestame Employees tabelisse

create trigger trEmployeeForInsert
on Employees
for insert
as begin
declare @Id int
select @Id = Id from inserted
insert into EmployeeAudit
values ('New employee with Id = ' + cast(@Id as nvarchar(5)) + ' is added at '
+ cast(getdate() as nvarchar(20)))
end

select * from Employees

insert into Employees values 
(11, 'Bob', 'Blob', 'Bomb', 'Male', 3000, 1, 3, 'bob@bob.com')
go
select * from EmployeeAudit


--delete trigger
create trigger trEmployeeForDelete
on Employees
for delete
as begin
	declare @Id int
	select @Id = Id from deleted

	insert into EmployeeAudit
	values('An existing employee with Id = ' + cast(@Id as nvarchar(5)) +
	' is deleted at ' + cast(getdate() as nvarchar(20)))
end

delete from Employees where Id = 11
select * from EmployeeAudit

--update trigger
create trigger trEmployeeForUpdate
on Employees
for update
as begin
	--muutujate deklareerimine
	declare @Id int
	declare @OldGender nvarchar(20), @NewGender nvarchar(20)
	declare @OldSalary int, @NewSalary int
	declare @OldDepartmentId int, @NewDepartmentId int
	declare @OldManagerId int, @NewManagerId int
	declare @OldFirstName nvarchar(20), @NewFirstName nvarchar(20)
	declare @OldMiddleName nvarchar(20), @NewMiddleName nvarchar(20)
	declare @OldLastName nvarchar(20), @NewLastName nvarchar(20)
	declare @OldEmail nvarchar(50), @NewEmail nvarchar(50)

	---muutuja, kuhu läheb lőpptekst
	declare @AuditString nvarchar(1000)

	-- laeb kőik uuendatud andmed temp tabeli alla
	select * into #TempTable
	from inserted

	-- käib läbi kőik andmed temp tabelist
	while(exists(select Id from #TempTable))
	begin
		set @AuditString = ''
		-- selekteerib esimese rea andmed temp tabel-st
		select top 1 @Id = Id, @NewGender = Gender,
		@NewSalary = Salary, @NewDepartmentId = DepartmentId,
		@NewManagerId = ManagerId, @NewFirstName = FirstName,
		@NewMiddleName = MiddleName, @NewLastName = LastName,
		@NewEmail = Email
		from #TempTable
		--vőtab vanad andmed kustutatud tabelist
		select @OldGender = Gender,
		@OldSalary = Salary, @OldDepartmentId = DepartmentId,
		@OldManagerId = ManagerId, @OldFirstName = FirstName,
		@OldMiddleName = MiddleName, @OldLastName = LastName,
		@OldEmail = Email
		from deleted where Id = @Id

		---rida 1677
		---tund 14
		---30.04.26
		--hakkab vőrdlema igat muutujat, et kas toimus andmete muutus
		set @AuditString = 'Employee with Id = ' + cast(@Id as nvarchar(4)) + ' changed '
		if(@OldGender <> @NewGender)
			set @AuditString = @AuditString + ' Gender from ' + @OldGender + ' to ' +
			@NewGender

		if(@OldSalary <> @NewSalary)
			set @AuditString = @AuditString + ' Salary from ' + cast(@OldSalary as nvarchar(20)) + ' to ' +
			cast(@NewSalary as nvarchar(20))

		if(@OldDepartmentId <> @NewDepartmentId)
			set @AuditString = @AuditString + ' DepartmentId from ' + cast(@OldDepartmentId as nvarchar(20)) + ' to ' +
			cast(@NewDepartmentId as nvarchar(20))

		if(@OldManagerId <> @NewManagerId)
			set @AuditString = @AuditString + ' ManagerId from ' + cast(@OldManagerId as nvarchar(20)) + ' to ' +
			cast(@NewManagerId as nvarchar(20))

		if(@OldFirstName <> @NewFirstName)
			set @AuditString = @AuditString + ' FirstName from ' + @OldFirstName + ' to ' +
			@NewFirstName

		if(@OldMiddleName <> @NewMiddleName)
			set @AuditString = @AuditString + ' Middlename from ' + @OldMiddleName + ' to ' +
			@NewMiddleName

		if(@OldLastName <> @NewLastName)
			set @AuditString = @AuditString + ' Lastname from ' + @OldLastName + ' to ' +
			@NewLastName

		if(@OldEmail <> @NewEmail)
			set @AuditString = @AuditString + ' Email from ' + @OldEmail + ' to ' +
			@NewEmail

		insert into dbo.EmployeeAudit values (@AuditString)
		--kustutab temp tabelist rea
		delete from #TempTable where Id = @Id
	end
end
--trigger lőpp

update Emloyees set FirstName = 'test123', Salary = 4000, MiddleName = 'test123'
where Id = 10

select * from Employees
select * from EmployeeAudit

--instead of trigger
create table Employee
(
Id int primary key,
Name nvarchar(30),
Gender nvarchar(10),
DepartmentId int
)

truncate table Employee

--kellel ei ole seda tabelit, sis nemad sisestavad selle koodi
create table Department 
(
Id int primary key
DepartmentName nvarchar(20)
)

select * from Employee
insert into Employee (Id, Name, Gender, DepartmentId) values
(1, 'John', 'Male', 3),
(2, 'Mike', 'Male', 2),
(3, 'Pam', 'Female', 1),
(4, 'Todd', 'Male', 4),
(5, 'Sara', 'Female', 1),
(6, 'Ben', 'Male', 3);

create view vEmployeeDetails
as
select Employee.Id, Name, Gender, DepartmentName
from Employee
join Department
on Employee.DepartmentId = Department.Id

select * from vEmployeeDetails
--tuleb veateade
insert into vEmployeeDetails values(7, 'Valarie', 'Female', 'IT')

--nüüd proovime lahendada probleemi, kus kasutame instead of trigger-t
create trigger tr_vEmployeeDetails_InsteadOfInsert
on vEmployeeDetails
instead of insert 
as begin
	declare @DeptId int

	select @DeptId = dbo.Department.Id
	from Department
	join inserted 
	on inserted.DepartmentName = Department.DepartmentName

	if(@DeptId is null)
		begin 
		raiserror('Invalis department name. Statement terminated', 16, 1)
		return
	end

	insert into dbo.Employee(Id, Name, Gender, DepartmentId)
	select Id, Name, Gender, @DeptId
	from inserted
end
--raiserror funktsioon
--selle eesmärk on tuua välja veateade, kui DepartmentName veerus ei ole väärtust
--ja ei klapi uue sisestatud väärtusega.
--Esimene on parameeter ja veateate sisu, teine on veataseme nr (nr 16 tähendab
--üldiseid vigu) ja kolmas on olek

--nüüd saab läbi view sisestada andmeid
insert into vEmployeeDetails values(7, 'Valarie', 'Female', 'IT')

--uuenda andmeid 
update vEmployeeDetails 
set Name = 'Johny', DepartmentName = 'IT'
where Id = 1
--ei saa uendada andmeid kuna mitu tabelit on sellest mőjutataud

update vEmployeeDetails
set DepartmentName = 'IT'
where Id = 1

select * from vEmployeeDetails

--instead of Update trigger
create trigger tr-vEmployeeDetails_InsteadOfUpdate
on vEmployeeDetails
instead of update 
as begin 

	if(update(Id))
	begin 
		raiserror('Id cannot be changed', 16, 1)
		return
	end

	if(update(DepartmentName))
	begin 
		declare @DeptId int
		select @DeptId = Department.Id
		from Department
		join inserted
		on inserted.DepartmentName = Department.DepartmentName

		if(@DeptId is null)
		begin
			raise('Invalid Department Name', 16, 1)
			return
		end

		update Employee set DepartmentId = @DeptId
		from inserted 
		join Employee
		on Employee.Id = inserted.id
	end

	if(update(Gender))
	begin 
		update Employee set Gender = inserted.Gender
		from inserted
		join Employee
		on Employee.Id = inserted.id
	end

	
	if(update(Name))
	begin 
		update Employee set Name = inserted.Name
		from inserted
		join Employee
		on Employee.Id = inserted.id
	end
end
