-- teeme andmebaasi ehk db
create database IKT25tar

-- andmebaasi valimine
use IKT25tar


-- andmebaasi kustutamine
drop database IKT25tar

-- teeme uuesti andmebaasi IKT25tar
create database IKT25tar

-- teeme tabeli
create table Gender
(
--Meil on muutuja Id,
--mis on tõisarv andmet³³p,
--kui sisetad andmed, siis see veerg peab olema tõidetud
--tegemist on primaarv§tmega
Id int not null primary key,
--Veeru nimi on Gender,
--10 tõhemõrki on max pikkus
--andmed peavad olema sisestatud ehk
-- ei tohi olla t³hi
Gender nvarchar(10) not null
)

--andmete sisestamine
--proovige ise teha
-- Id 1, Gender Male
-- Id 2, Gender Female
insert into Gender (Id, Gender)
Values (1, 'Male'),
(2, 'Female');

--vaatame tabeli sisu
-- * tõhendab, et nõita k§ike seal sees olevat infot
select * from Gender

--teeme tabeli nimega Person
--veeru nimed: Id Int not null primary key
--Name nvarchar (30)
--Email nvarchar (30)
--Genderid int
drop table Person

Create Table Person
(
Id int not null primary key,
Age nvarchar(10),
Name nvarchar(30),
Email nvarchar(30),
GenderId int
)

insert into Person (Id, Name, Email, GenderId)
values (1, 'Superman', 's@s.com', 2),
(2, 'Wonderwoman', 'w@w.com', 1),
(3, 'Batman', 'b@b.com', 2),
(4, 'Aquaman', 'a@a.com', 2),
(5, 'Catwoman', 'c@c.com', 1),
(6, 'Antman', 'ant"ant.com', 2),
(8, NULL, NULL, 2)

--nõen tabelis olevat infot
select * from Person

--v§§rv§tme ³henduse loomine kahe tabeli vahel
alter table Person add constraint tblPerson_GenderId_FK
foreign key (GenderId) references Gender(Id)

--kui sisestad uue rea andmeid ja ei ole sisestanud GenderId alla
--võõrtust, siis automaatselt sisestab sellele reale võõrtuse 3
-- ehk unknown
alter table Person
add constraint DF_Persons_GenderId
Default 3 for GenderId

insert into Gender (Id, Gender)
values (3, 'Unknown')

insert into Person (Id, Name, Email, GenderId)
values (7, 'Black Panther', 'b@b.com', NULL)

insert into Person (Id, Name, Email)
values (9, 'Spiderman', 'spider@m.com')

select * from Person

--prriangu kustutamine
alter table Person
drop constraint DF_Persons_GenderId

--kuidas lisada veergu tabelile Person
--Veeru nimi on Age nvarchar(10)
alter table Person
add constraint CK_Person_Age check (Age > 0 and Age < 155)

--kuidas uuendada andmeid
update Person
set Age = 159
where Id = 7

select * from Person

--soovin kustutada ³he rea
  --kuidas seda teha
delete from Person
where Id = 8

-- lisame uue veeru City nvarchar(50)
alter table Person
add City nvarchar(50)

--k§ik, kes elavad Gothami linnas
select * from Person where City = 'Gotham'
--k§ik, kes ei ela Gothamis
select * from Person Where City != 'Gotham'
--variant nr2. k§ik, kes ei ela Gothamis
select * from Person where City <> 'Gotham'

--nõitab teatud vanusega inimesi
--valime 151, 35, 25
select * from Person Where Age In (151, 35, 23)
--Teine v§imalus
select * from Person Where Age = 151 or Age = 35 or Age = 23

--soovin nõha inimesi vahemikus 22 kuni 41
select * from Person Where Age between 22 and 41

--wildcard ehk nõitab k§ik g-tõhega linnad
select * from Person Where City Like 'g%';
--otsib emailid @-mõrgiga
select * from Person Where Email like '%@%';

--tahan nõga, kellel on emailis ees ja peale @-mõrki ³ks tõht
select * from Person Where Email like '_@_.com'

--k§ik, kelle nimes ei ole esimene tõht W, A, S
select * from Person Where Name like '[^WAS]%'

--k§ik, kes elavad Gothamis ja New Yorkis
select * from Person where (City = 'Gotham' or City = 'New York')

--k§ik, kes elavad Gothamis ja New Yorkis ning peavad olema
--vanemad, kui 29
select * from Person where (City = 'Gotham' or City = 'New York' and Age > 29)

--kuvab tõhestikulises jõrjekorras inimesi ja v§tab aluseks 
-- Name veeru
select * from Person
select * from Person order by Name

--v§tab kolm esimest rida Person tabelist
select top 3 * from Person

--tund 3
--25.02.2026
--kolm esimest, aga tabeli jõrjestus on Age ja siis Name
select top 3 Age, Name from Person

--nõita esimesed 50% tabelist
select top 50 percent * from Person
select * from Person

--jõrjestab vanuse jõrgi isikud
select * from Person order by Age desc

--muudab Age muutuja int-ks ja nõitab vanuselises jõrjestuses
-- cast abil saab andmet³³pi muuta
select * from Person order by cast(Age as int) desc

-- k§ikide isikute koondvanus e liidab k§ik kokku
select sum(cast(Age as int)) from Person

--k§ige noorem isik tuleb ³les leida
select min(cast(Age as int)) from Person

--k§ige vanem isik
select max(cast(Age as int)) from Person

--muudame Age muutuja int peale
-- nõeme konkreetsetes linnades olevate isikute koondvanust
select City, sum(Age) as TotalAge from Person group by City

--kuidas saab koodiga muuta andmet³³pi ja selle pikkust
alter table Person 
alter column Name nvarchar(25)

-- kuvab esimeses reas võlja toodud jõrjestuses ja kuvab Age-i 
-- TotalAge-ks
--jõrjestab City-s olevate nimede jõrgi ja siis Genderid jõrgi
--kasutada group by-d ja order by-d
select City, GenderId, sum(Age) as TotalAge from Person
group by City, GenderId
order by City

--nõitab, et mitu rida andmeid on selles tabelis
select count(*) from Person

--nõitab tulemust, et mitu inimest on Genderid võõrtusega 2
--konkreetses linnas
--arvutab vanuse kokku selles linnas
select GenderId, City, sum(Age) as TotalAge, count(Id) as 
[Total Person(s)] from Person
where GenderId = '1'
group by GenderId, City

--nõitab õra inimeste koondvanuse, mis on ³le 41 a ja
--kui palju neid igas linnas elab
--eristab inimese soo õra
select GenderId, City, sum(Age) as TotalAge, count(Id) as 
[Total Person(s)] from Person
where GenderId = '2'
group by GenderId, City having sum(Age) > 41

--loome tabelid Employees ja Department
create table Department
(
Id int primary key,
DepartmentName nvarchar(50),
Location nvarchar(50),
DepartmentHead nvarchar(50)
)

create table Employees
(
Id int primary key,
Name nvarchar(50),
Gender nvarchar(50),
Salary nvarchar(50),
DepartmentId int
)

insert into Employees (Id, Name, Gender, Salary, DepartmentId)
values (1, 'Tom', 'Male', 4000, 1),
(2, 'Pam', 'Female', 3000, 3),
(3, 'John', 'Male', 3500, 1),
(4, 'Sam', 'Male', 4500, 2),
(5, 'Todd', 'Male', 2800, 2),
(6, 'Ben', 'Male', 7000, 1),
(7, 'Sara', 'Female', 4800, 3),
(8, 'Valarie', 'Female', 5500, 1),
(9, 'James', 'Male', 6500, NULL),
(10, 'Russell', 'Male', 8800, NULL)

insert into Department(Id, DepartmentName, Location, DepartmentHead)
values 
(1, 'IT', 'London', 'Rick'),
(2, 'Payroll', 'Delhi', 'Ron'),
(3, 'HR', 'New York', 'Christie'),
(4, 'Other Department', 'Sydney', 'Cindrella')

select * from Department
select * from Employees

---
select Name, Gender, Salary, DepartmentName
from Employees
left join Department
on Employees.DepartmentId = Department.Id
---

--arvutab k]ikide palgad kokku Employees tabelist
select sum(cast(Salary as int)) from Employees --arvutab k§ikide palgad kokku
-- k§ige võiksema palga saaja
select min(cast(Salary as int)) from Employees

--nõitab veerge Location ja Palka. Palga veerg kuvatakse TotalSalary-ks
--teha left join Department tabeliga
--grupitab Locationiga
select Location, sum(cast(Salary as int)) as TotalSalary
from Employees
left join Department
on Employees.DepartmentId = Department.Id
group by Location

--rida 257
-- 4 tund

select * from Employees
select SUM(cast(Salary as int)) from Employees

--lisame veeru City ja pikkus on 30

alter table Employees
add City nvarchar(30)

select City, Gender, SUM(cast(Salary as int)) as TotalSalary
from Employees
group by City, Gender

--peaaegu sama põring, aga linnad on tõhestikulises jõrjestuses
select City, Gender, SUM(cast(Salary as int)) as TotalSalary
from Employees
group by City, Gender order by City

--on vaja teada, etmitu inimest on nimekirjas

Select COUNT(*) From Employees

--mitu t÷÷tajat on soo ja linna kaupa t÷÷tamas
select City, Gender, SUM(cast(Salary as int)) as TotalSalary,
COUNT(Id) as [Total Employee(s)]
from Employees
group by Gender, City

--kuvab kas naised v§i mehed linnade kaupa
--kasutage where

select City, Gender, SUM(cast(Salary as int)) as TotalSalary,
COUNT(Id) as [Total Employee(s)]
from Employees
Where Gender = 'Male'
group by Gender, City

--sama tulemus nagu eelmine, aga kasutame having

select City, Gender, SUM(cast(Salary as int)) as TotalSalary,
COUNT(Id) as [Total Employee(s)]
from Employees
group by Gender, City
Having Gender = 'Male'

--k§ik kes teenivad rohkem kui 4000 (variandis peab error tulema)
select * from Employees
where SUM(cast(Salary as int)) > 4000

--teeme variandi, kus saame tulemuse
select  Gender, City, SUM(cast(Salary as int)) as TotalSalary,
COUNT(Id) as [Total Employee(s)]
from Employees
group by Gender, City
having SUM(CAST(salary as int)) > 4000

--loome tabeli, milles hakatakse automaatselt nummerdama Id-d
create table Test1
(
Id int identity(1,1),
Value nvarchar(20)
)

insert into Test1 values('X')
select * from Test1

--kustutame veeru nimega City Employees tabelist
alter table Emloyees 
drop column City

--inner join
--kuvab neid, kellel on DepartmentName al olemas võõrtus
--mitte kattuvad read eemaldtakse tulemusest
--ja sellepõrast ei nõidata Jamesi ja Russelit tabelis
--kuna neil on DepartmentId NULL
select Name, Gender, Salary, DepartmentName
from Employees
inner join Department 
on Employees.DepartmentId = Department.Id

--left join
select Name, Gender, Salary, DepartmentName
from Employees
left join Department --v§ib kasutada ka LEFT OUTER JOIN-i
on Employees.DepartmentId = Department.Id
--uurige, mis on left join
--nõitab andmeid, kus vasakpoolsest tabelist isegi, siis kui sela puudub
--m§nes reas võõrtus

--right join
select Name, Gender, Salary, DepartmentName
from Employees
right join Department --v§ib kasutada ka RIGHT OUTER JOIN-i
on Employees.DepartmentId = Department.Id
--right join nõitab paremas (Department) tabelis olevaid võõrtuseid,
--mis ei ³hti vasaku (Employees) tabeliga

--outer join
select Name, Gender, Salary, DepartmentName
from Employees
full outer join Department 
on Employees.DepartmentId = Department.Id
--m§lema tabeli read kuvab

--teha croos join
select Name, Gender, Salary, DepartmentName
from Employees
cross join Department 
--korrutab k§ik omavahel lõbi

--teha left join, kus Employees tabelist Department on null
select Name, Gender, Salary, DepartmentName
from Employees
left join Department 
on Employees.DepartmentId = Department.Id
where Employees.DepartmentId is NULL

--teine variant ja sama tulemus
select Name, Gender, Salary, DepartmentName
from Employees
left join Department 
on Employees.DepartmentId = Department.Id
where Department.Id is NULL
--nõitab ainult neid, kellel on vasakus tabelis (Employees)
--DepartmentId null

select Name, Gender, Salary, DepartmentName
from Employees
right join Department 
on Employees.DepartmentId = Department.Id
where Employees.DepartmentId is NULL
--nõitab ainult paremas tabelis olevat rida, 
--mis ei kattu Employees-ga.

--full join
--m§lema tabeli mitte-kattuvate võõrtustega read kuvab võlja
select Name, Gender, Salary, DepartmentName
from Employees
full join Department 
on Employees.DepartmentId = Department.Id
where Employees.DepartmentId is NULL
or Department.Id is null

--teete ArventureWorksLT2019 andmebaasile join põringuid:
--inner join, left join, right join, cross join ja full join
--tabeleid sellesse andmebaasi juurde ei tohi teha

USE AdventureWorksLT2019
select NameStyle, Title, FirstName
from SalesLT.Customer
cross join SalesLT.CustomerAddress

USE AdventureWorksLT2019
select NameStyle, Title, FirstName
from SalesLT.Customer
inner join SalesLT.CustomerAddress
on SalesLT.CustomerAddress.CustomerId = SalesLT.Customer.CustomerId

USE AdventureWorksLT2019
select NameStyle, Title, FirstName
from SalesLT.Customer
left join SalesLT.CustomerAddress
on SalesLT.CustomerAddress.CustomerId = SalesLT.Customer.CustomerId

USE AdventureWorksLT2019
select NameStyle, Title, FirstName
from SalesLT.Customer
right join SalesLT.CustomerAddress
on SalesLT.CustomerAddress.CustomerId = SalesLT.Customer.CustomerId

USE AdventureWorksLT2019
select NameStyle, Title, FirstName
from SalesLT.Customer
full join SalesLT.CustomerAddress
on SalesLT.CustomerAddress.CustomerId = SalesLT.Customer.CustomerId
where SalesLT.CustomerAddress.CustomerId is NULL
or SalesLT.customer.CustomerId is NULL

--M§nikord peab muutuja ette kirjutama tabeli nimetuse nagu on Prodyct.Name,
--et editor saaks aru, et kumma tabeli muutujat soovitatakse kasutada ja ei tekiks
--segadust 
select Product.Name as [Product Name], ProductNumber, ListPrice,
ProductModel.Name as [Product Model Name],
Product.productModelId, ProductModel.ProductModelId
--m§nikord peab ka tabeli ette kirjutama tõpsustuse info
--nagu on SalesLT.Product
from SalesLT.Product
inner join SalesLT.ProductModel
--antud juhul Producti tabelis ProductModelId v§§rv§ti,
--mis ProdustModeli tabelis on primaatv§ti
on Product.ProductModelId = ProductModel.ProductModelId

select isnull('Ingvar', 'No Manager') as Manager

--NULL asemel kuvab No Manager
select coalesce(NULL, 'No Manager') as Manager

alter table Employees 
add ManagerId int

--neile, kelle ei ole ³lemust, siis paneb No Manager teksti
--kasutage left joini
select E.Name as Employee, isnull(M.Name, 'No Manager') as Manager
from Employees E
left join Employees M
on E.ManagerId = M.Id

--kasutame inner joini
--kuvab ainult ManagerId all olevate isikute võõrtused
select E.Name as Employee, isnull(M.Name, 'No Manager') as Manager
from Employees E
inner join Employees M
on E.ManagerId = M.Id

--k§ik saavad k§ikide ³lemused olla
select E.Name as Employee, isnull(M.Name, 'No Manager') as Manager
from Employees E
cross join Employees M

--lisame Employees tabelisse uued veerud
alter table Employees
add MiddleName nvarchar (30)

alter table Employees
add LastName nvarchar (30) 

select * from Employees 

--muudame olemasoleva veeru nimetust
sp_rename 'Employees.Name', 'FirstName'

sp_rename 'Employees.FristName', 'FirstName'

select * from Employees
update Employees set MiddleName = '007' where Id = 9
update Employees set MiddleName = 'Balerine' where Id = 8
update Employees set MiddleName = 'Nick' where Id = 1
update Employees set MiddleName = 'Todd' where Id = 5
update Employees set MiddleName = 'Ten' where Id = 6
update Employees set FirstName = NULL where Id = 5
update Employees set FirstName = NULL where Id = 10
update Employees set LastName = 'Crowe' where Id = 10
update Employees set LastName = 'Bond' where Id = 9
update Employees set LastName = 'Connor' where Id = 7
update Employees set LastName = 'Sven' where Id = 6
update Employees set LastName = 'Someone' where Id = 5
update Employees set LastName = 'Smith' where Id = 4
update Employees set LastName = 'Anderson' where Id = 2
update Employees set LastName = 'Jones' where Id = 1

--igast reast v§tab esimesena tõidetud lahtri ja kuvab ainult seda
select * from Employees
select Id, coalesce(FirstName, MiddleName, LastName) as Name
from Employees

--loome kaks tabelit
create table IndianCustomers
(
Id int identity(1,1),
Name nvarchar(25),
Email nvarchar(25)
)

create table UKCustomers
(
Id int identity(1,1),
Name nvarchar(25),
Email nvarchar(25)
)


--sisestame tabalisse andmeid
insert into IndianCustomers (Name, Email)
values ('Raj', 'R@R.com'),
('Sam', 'S@S.com')

insert into UKCustomers (Name, Email)
values ('Ben', 'B@B.com'),
('Sam', 'S@S.com')

select * from IndianCustomers
select * from UKCustomers

--kasutane union all, mis nõitab k§iki ridu
--union all ³hendab tabelid ja nõitab sisu

select Id, Name, Email from IndianCustomers
union all
select Id, Name, Email from UKCustomers

--korduvate võõrtustega read pannakse ³hte ja ei korrata
select Id, Name, Email from IndianCustomers
union
select Id, Name, Email from UKCustomers

select Id, Name, Email from IndianCustomers
union all
select Id, Name, Email from UKCustomers
Order by Name

--stored procedure
--tavaliselt pannakse nimetuse ette sp, mis tõhendab stored procedure
create procedure spGetEmployees
as begin
select FirstName, Gender from Employees
end

--n³³d saab kasutada selle nimelist sp-d 
spGetEmployees
exec spGetEmployees
execute spGetEmployees

create proc spGetEmployeesByGederAndDepartment
--@ tõhendab muutjat
@Gender nvarchar(20),
@DepartmentId int
as begin
select FirstName, Gender, DepartmentId from Employees where Gender = @Gender
AND DepartmentId = @DepartmentId
end

EXECute spGetEmployeesByGenderAndDepartment

--kui n³³d allolevat kõsklust kõima panna, siis n§uab gender parameetrit
spGetEmployeesByGenderAndDepartment

--§ige variant
spGetEmployeesByGenderAndDepartment 'Male', 1	
spGetEmployeesByGenderAndDepartment 'Female', 3	

--niimodi sp kirja pandud jõrjekorrast m÷÷da minna, kui ise paned muut
spGetEmployeesByGenderAndDepartment @DepartmentId = 1, @Gender= 'Male'

--saab sp sisu vaadata result vaates
sp_helptext spGetEmployeesByGenderAndDepartment

--kuidas muuta sp-d ja panna sinna v§ti peale, et keegi teine peale teie ei saaks muuta
--kuskile tuleb lisada with encryption
alter proc spGetEmployeesByGederAndDepartment
@Gender nvarchar(20),
@DepartmentId int 
with encryption
as begin
select FirstName, Gender, @DepartmentId from Employees where Gender = @Gender
and DepartmentId = @DepartmentId

--sp tegemine
create proc spGetEmployeeCountByGender
@Gender nvarchar(20),
@EmployeeCount int output 
as begin
select @EmployeeCount = COUNT(Id) from Employees where Gender = @Gender
end

--annab tulemuse, kus loendab õra n§uetele vastavad read 
--prindib ka tulemuse kirja teel
--tuleb teha declare muutja @TotalCount, mis on int
--execute spGetEmployeeCountByGender sp, kus on parameetrid Male ja TotalCount
--if ja else, kui TotalCount = 0, siis tuleb tekst TotalCount is null
--l§pus kasuta print @TotalCounti puhul


declare @TotalCount int

-- Stored procedure
execute spGetEmployeeCountByGender 'Male', @TotalCount out
if(@TotalCount = 0)
print '@TotalCount is null'
else 
print '@Total is not null'
print @TotalCount
--l§pus kasuta print @TotalCounti puhul

--nõitab õra, mitu rida vastab n§uetele

--deklareerime muutuja @TotalCount, mis on int andmet³³p
declare @TotalCount int
--kõivitame stored procedure spGetEmployeeCountByGender sp, kus on parameetrid
--@EmployeeCount = @TotalCount out ja @Gender
execute spGetEmployeeCountByGender @EmployeeCount = @TotalCount out, @Gender= 'Male'
--prindib konsooli võlja, kui TotalCount on null v§i mitte null
print @TotalCount

--sp sisu vaatamine
sp_help spGetEmployeeCountByGender
--tabeli info vaatamine
sp_help Employees
--kui soovid sp teksti nõha, siis
sp_helptext spGetEmployeeCountByGender

--vaatame, millest s§ltub meie valitud sp
sp_depends spGetEmployeeCountByGender
--nõitab, et sp sõltub Employees tabelist, kuna seal on count(Id)
--ja Id on Employees tabelis

--vaatame tabelit
sp_depends Employees

--teeme sp, mis annab andmeid Id ja Name veeruga kohta Employees tabelis
create proc spGetNameById
@Id int,
@Name nvarchar(20) output
as begin
	select @Id = Id, @Name = FirstName from Employees 
end

--annab kogu tabeli ridade arvu
create proc spTotalCount2
@TotalCount int output
as begin
	select @TotalCount = count(Id) from Employees
end

--on vaja teha uus põring, kus kasutame spTotalCount2 sp-d,
--et saada tabeli ridade arv
--tuleb deklareerida muutuja @TotalCount, mis int andmet³³p
--tuleb execute spTotalCount2, kus on parameeter @TotalCount = @TotalCount out
declare @TotalCount int

execute spTotalCount2
@TotalCount = @TotalCount out
select @TotalCount

--mis Id all on keegi nime jõrgi
create proc spGetNameById1
@Id int,
@FirstName nvarchar(20) output
as begin
	select @FirstName = FirstName from Employees where Id = @Id
end

--annab tulemuse, kus id 1(Seda numbrit saab muuta) real on keegi koos nimeg
--print tuleb kasutada, et nõidata tulemust
declare @FirstName nvarchar(20)
execute spGetNameById1 1, @FirstName output
print 'Name of the employee = ' + @FirstName

--tehke sama, mis eelmine, aga kasutage spGetNameById sp-d
--FirstName l§pus on out
declare @FirstName nvarchar(20)
execute spGetNameById 1, @FirstName out 
print 'Name = ' + @FirstName

--output tagastab muudetud read kohe põringu tuemusena
--see on salvestatud protseduuris ja ³he võõrtuse tagastamine

sp_help spGetNameById

create proc spGetNameById2
@Id int
--kui on begin, siis on ka end kuskil olemas
as begin
	return (select FirstName from Employees where Id = @Id)
end

--tuleb veateade kuna kutsusime võlja int-i, aga Tom on nvarchar
declare @EmployeeName nvarchar(50)
execute @EmployeeName = spGetNameById2 1
print 'Name of the employee = ' + @EmployeeName

--sisseehitatud string funktsioonid 
--see konverteerib ASCII tõhe võõrtus numbriks
select ASCII('A')

select char(65)

--prindime kogu tõhestiku võlja
declare @Start int

set @Start = 97
--kasutate While, et nõidata kogu tõhestik
declare @Start INT = 97;

while @Start <= 122
begin
    select char(@Start);
    set @Start = @Start + 1;
end;

--eemalda t³hjad kohad sulgudes
select('          Hello')
select LTRIM('          Hello')

--t³hikute eemaldamine veerust, mis on tabelis
select FirstName, MiddleName, LastName from Employees
--eemaldage t³hikud FirstName veerust õra 
select LTRIM(FirstName) as FirstName, MiddleName, LastName
from Employees

--paremalt poolt t³hjad stringid l§ikab õra
select rtrim('      Hello       ')

--keerab kooli sees olevate andmed vastupidiseks
--vastavalt lower-ga ja upper-ga saan muuta mõrkide suurust
--reverse funktsioon p÷÷rab k§ik ³mber
select Reverse(upper(ltrim(FirstName))) as FirstName, MiddleName, lower(LastName),
rtrim(ltrim(FirstName)) + ' ' + MiddleName + ' ' FullName
from Employees

--lest, right, substring
--vasakult poolt neli esimest tõhte
select left('ABCDEF', 4)
--paremalt poolt kolm tõhte
select right('ABCDEF', 3)

--kuvab @-tõhemõrgi asetust e mitmes on @-mõrk
select CHARINDEX('@', 'sara@aaa.com')

--esimene nr peale komakohta nõitab, et mitmendast alustab ja
--siis mitu nr peale seda kuvab
select SUBSTRING('pam@bbb.com', 5, 2)

-- @ - mõrgist kuvab kolm tõhemõrki. Viimase nr saab mõõrata pikkust
select SUBSTRING('pam@bbb.com', charindex('@', 'pam@bbb.com') + 1, 3)

--peale @-mõrki hakkab kuvama tulemust, nr saab kaugust seadistada 
select SUBSTRING('pam@bbb.com', charindex('@', 'pam@bbb.com') + 5,
len('pam@bbb.com') - charindex('@', 'pam@bbb.com'))

alter table Employees
add Email nvarchar(20)

update Employees
set Email = case Id
    when 1 then 'tom@aaa.com'
    when 2 then 'pam@bbb.com'
    when 3 then 'john@bbb.com'
    when 4 then 'sam@aaa.com'
    when 5 then 'todd@ccc.com'
    when 6 then 'ben@bbb.com'
    when 7 then 'sara@ccc.com'
    when 8 then 'valarie@aaa.com'
    when 9 then 'james@bbb.com'
    when 10 then 'russel@bbb.com'
end
where Id IN (1,2,3,4,5,6,7,8,9,10);

select * from Employees

--soovi teada saada domeeniinimesed emailides
select SUBSTRING (Email, Charindex('@', Email) + 1,
len (Email) - charindex('@', Email)) as EmailDomain
from Employees

--alates teisest tõhest emailis kuni @ mõrgini on tõrnid 
select 
    FirstName, 
    LastName,
    LEFT(Email, 2) +
    REPLICATE('*', CHARINDEX('@', Email) - 3) + 
    SUBSTRING(Email, CHARINDEX('@', Email), LEN(Email)) as MaskedEmail
from Employees;

--kolm korda nõitab stringis olevat võõrtust
select replicate('asd', 3)

--t³hiku sisestamine 
select space(5) 

--t³hiku sisestamine FirstName ja Last Name vahele
select FirstName + space(25) + LastName as FullName
from Employees

--PATINDEX
--sama, mis charidex, aga d³naamilisem ja saab kasutada wildcardi
select Email, PATINDEX('%@aaa.com', Email) as FirstOccurence
from Employees 
where PATINDEX('%@aaa.com', Email) > 0
--leian k§ik selle domeeni esindeja ja alates mitmendas mõrgist algab @

--k§ik .com emailid asendab .net-ga
select Email, replace (Email, '.com', '.net') as ConvertedEmail
from Employees

--soovin asenadada peale esimest mõrki kolm tõhte viies tõrniga 
select  FirstName, LastName, Email,
    stuff(Email, 2, 3, '*****') as StuffedEmail
from Employees

create table DateTime
(
	c_time time,
	c_date date,
	c_smalldatetime smalldatetime,
	c_datetime datetime,
	c_datetime2 datetime2,
	c_datetimeoffset datetimeoffset
)

select * from Employees 

--konkreetse masina kellaaeg
select getdate(), 'GETDATE()'

insert into DateTime
values (getdate(), getdate(), getdate(), getdate(), getdate(), getdate())

select * from DateTime

update DateTime sel c_datetimeoffset = '2026-03-19 14:27:01.0366667 +10:00'
where c_datetimeoffset = '2026-03-19 14:27:01.0366667 +00:00'

select Current_Timestamp, 'Current_Timestamp' --aja põring
select SYSDATETIME(), 'SYSDATETIME' --veel tõpsem aja põring
select SYSDATETIMEOFFSET(), 'SYSDATETIMEOFFSET' --tõone aeg koos ajalise nihkega
select GETUTCDATE(), 'GETUTCDATE'--UTC aeg

--saab kontrollida, kas on §ige andmet³³p
select isdate('asd') --tagastab 0 kuna string ei ole date
--kuidas saada vastuseks 1 isdate pihul?
select isdate(GETDATE())
select isdate('2026-03-19 14:27:01.0366667') --tagastab 0 kuna max kolm koma kohta v§ib olla
select isdate('2026-03-19 14:27:01.036') --tagastab 1
select DAY(GETDATE()) --annab tõnase põeva nr
select DAY('01/24/2026') --annab stringis oleva kuupõeva ja jõrjestus peab olema §ige
select Month(GETDATE()) --annab jooksva kuu nr
select Month('01/24/2026') --annab stringis oleva kuu ja jõrjestus peab olema §ige
select Year(GETDATE()) --annab jooksva aasta nr
select Year('01/24/2026') --annab stringis oleva aasta ja jõrjestus peab olema §ige