-- teeme andmebaasi ehk db
create database IKT25tar

-- andmebaasi valimine
use IKT25tar


-- andmebaasi kustutamine
drop database IKT25tar

-- teeme uuesti andmebaasi IKT25tar
create database IKT25tar

-- teeme tabeli
create table Gender
(
--Meil on muutuja Id,
--mis on t鋓sarv andmetp,
--kui sisetad andmed, siis see veerg peab olema t鋓detud
--tegemist on primaarv鮰mega
Id int not null primary key,
--Veeru nimi on Gender,
--10 t鋒em鋜ki on max pikkus
--andmed peavad olema sisestatud ehk
-- ei tohi olla t黨i
Gender nvarchar(10) not null
)

--andmete sisestamine
--proovige ise teha
-- Id 1, Gender Male
-- Id 2, Gender Female
insert into Gender (Id, Gender)
Values (1, 'Male'),
(2, 'Female');

--vaatame tabeli sisu
-- * t鋒endab, et n鋓ta k鮥ke seal sees olevat infot
select * from Gender

--teeme tabeli nimega Person
--veeru nimed: Id Int not null primary key
--Name nvarchar (30)
--Email nvarchar (30)
--Genderid int
drop table Person

Create Table Person
(
Id int not null primary key,
Age nvarchar(10),
Name nvarchar(30),
Email nvarchar(30),
GenderId int
)

insert into Person (Id, Name, Email, GenderId)
values (1, 'Superman', 's@s.com', 2),
(2, 'Wonderwoman', 'w@w.com', 1),
(3, 'Batman', 'b@b.com', 2),
(4, 'Aquaman', 'a@a.com', 2),
(5, 'Catwoman', 'c@c.com', 1),
(6, 'Antman', 'ant"ant.com', 2),
(8, NULL, NULL, 2)

--n鋏n tabelis olevat infot
select * from Person

--v貂rv鮰me 黨enduse loomine kahe tabeli vahel
alter table Person add constraint tblPerson_GenderId_FK
foreign key (GenderId) references Gender(Id)

--kui sisestad uue rea andmeid ja ei ole sisestanud GenderId alla
--v滗rtust, siis automaatselt sisestab sellele reale v滗rtuse 3
-- ehk unknown
alter table Person
add constraint DF_Persons_GenderId
Default 3 for GenderId

insert into Gender (Id, Gender)
values (3, 'Unknown')

insert into Person (Id, Name, Email, GenderId)
values (7, 'Black Panther', 'b@b.com', NULL)

insert into Person (Id, Name, Email)
values (9, 'Spiderman', 'spider@m.com')

select * from Person

--prriangu kustutamine
alter table Person
drop constraint DF_Persons_GenderId

--kuidas lisada veergu tabelile Person
--Veeru nimi on Age nvarchar(10)
alter table Person
add constraint CK_Person_Age check (Age > 0 and Age < 155)

--kuidas uuendada andmeid
update Person
set Age = 159
where Id = 7

select * from Person

--soovin kustutada 黨e rea
  --kuidas seda teha
delete from Person
where Id = 8

-- lisame uue veeru City nvarchar(50)
alter table Person
add City nvarchar(50)

--k鮥k, kes elavad Gothami linnas
select * from Person where City = 'Gotham'
--k鮥k, kes ei ela Gothamis
select * from Person Where City != 'Gotham'
--variant nr2. k鮥k, kes ei ela Gothamis
select * from Person where City <> 'Gotham'

--n鋓tab teatud vanusega inimesi
--valime 151, 35, 25
select * from Person Where Age In (151, 35, 23)
--Teine v鮥malus
select * from Person Where Age = 151 or Age = 35 or Age = 23

--soovin n鋒a inimesi vahemikus 22 kuni 41
select * from Person Where Age between 22 and 41

--wildcard ehk n鋓tab k鮥k g-t鋒ega linnad
select * from Person Where City Like 'g%';
--otsib emailid @-m鋜giga
select * from Person Where Email like '%@%';

--tahan n鋑a, kellel on emailis ees ja peale @-m鋜ki 黭s t鋒t
select * from Person Where Email like '_@_.com'

--k鮥k, kelle nimes ei ole esimene t鋒t W, A, S
select * from Person Where Name like '[^WAS]%'

--k鮥k, kes elavad Gothamis ja New Yorkis
select * from Person where (City = 'Gotham' or City = 'New York')

--k鮥k, kes elavad Gothamis ja New Yorkis ning peavad olema
--vanemad, kui 29
select * from Person where (City = 'Gotham' or City = 'New York' and Age > 29)

--kuvab t鋒estikulises j鋜jekorras inimesi ja v鮰ab aluseks 
-- Name veeru
select * from Person
select * from Person order by Name

--v鮰ab kolm esimest rida Person tabelist
select top 3 * from Person

--tund 3
--25.02.2026
--kolm esimest, aga tabeli j鋜jestus on Age ja siis Name
select top 3 Age, Name from Person

--n鋓ta esimesed 50% tabelist
select top 50 percent * from Person
select * from Person

--j鋜jestab vanuse j鋜gi isikud
select * from Person order by Age desc

--muudab Age muutuja int-ks ja n鋓tab vanuselises j鋜jestuses
-- cast abil saab andmetpi muuta
select * from Person order by cast(Age as int) desc

-- k鮥kide isikute koondvanus e liidab k鮥k kokku
select sum(cast(Age as int)) from Person

--k鮥ge noorem isik tuleb 黮es leida
select min(cast(Age as int)) from Person

--k鮥ge vanem isik
select max(cast(Age as int)) from Person

--muudame Age muutuja int peale
-- n鋏me konkreetsetes linnades olevate isikute koondvanust
select City, sum(Age) as TotalAge from Person group by City

--kuidas saab koodiga muuta andmetpi ja selle pikkust
alter table Person 
alter column Name nvarchar(25)

-- kuvab esimeses reas v鋖ja toodud j鋜jestuses ja kuvab Age-i 
-- TotalAge-ks
--j鋜jestab City-s olevate nimede j鋜gi ja siis Genderid j鋜gi
--kasutada group by-d ja order by-d
select City, GenderId, sum(Age) as TotalAge from Person
group by City, GenderId
order by City

--n鋓tab, et mitu rida andmeid on selles tabelis
select count(*) from Person

--n鋓tab tulemust, et mitu inimest on Genderid v滗rtusega 2
--konkreetses linnas
--arvutab vanuse kokku selles linnas
select GenderId, City, sum(Age) as TotalAge, count(Id) as 
[Total Person(s)] from Person
where GenderId = '1'
group by GenderId, City

--n鋓tab 鋜a inimeste koondvanuse, mis on 黮e 41 a ja
--kui palju neid igas linnas elab
--eristab inimese soo 鋜a
select GenderId, City, sum(Age) as TotalAge, count(Id) as 
[Total Person(s)] from Person
where GenderId = '2'
group by GenderId, City having sum(Age) > 41

--loome tabelid Employees ja Department
create table Department
(
Id int primary key,
DepartmentName nvarchar(50),
Location nvarchar(50),
DepartmentHead nvarchar(50)
)

create table Employees
(
Id int primary key,
Name nvarchar(50),
Gender nvarchar(50),
Salary nvarchar(50),
DepartmentId int
)

insert into Employees (Id, Name, Gender, Salary, DepartmentId)
values (1, 'Tom', 'Male', 4000, 1),
(2, 'Pam', 'Female', 3000, 3),
(3, 'John', 'Male', 3500, 1),
(4, 'Sam', 'Male', 4500, 2),
(5, 'Todd', 'Male', 2800, 2),
(6, 'Ben', 'Male', 7000, 1),
(7, 'Sara', 'Female', 4800, 3),
(8, 'Valarie', 'Female', 5500, 1),
(9, 'James', 'Male', 6500, NULL),
(10, 'Russell', 'Male', 8800, NULL)

insert into Department(Id, DepartmentName, Location, DepartmentHead)
values 
(1, 'IT', 'London', 'Rick'),
(2, 'Payroll', 'Delhi', 'Ron'),
(3, 'HR', 'New York', 'Christie'),
(4, 'Other Department', 'Sydney', 'Cindrella')

select * from Department
select * from Employees

---
select Name, Gender, Salary, DepartmentName
from Employees
left join Department
on Employees.DepartmentId = Department.Id
---

--arvutab k]ikide palgad kokku Employees tabelist
select sum(cast(Salary as int)) from Employees --arvutab k鮥kide palgad kokku
-- k鮥ge v鋓ksema palga saaja
select min(cast(Salary as int)) from Employees

--n鋓tab veerge Location ja Palka. Palga veerg kuvatakse TotalSalary-ks
--teha left join Department tabeliga
--grupitab Locationiga
select Location, sum(cast(Salary as int)) as TotalSalary
from Employees
left join Department
on Employees.DepartmentId = Department.Id
group by Location

--rida 257
-- 4 tund

select * from Employees
select SUM(cast(Salary as int)) from Employees

--lisame veeru City ja pikkus on 30

alter table Employees
add City nvarchar(30)

select City, Gender, SUM(cast(Salary as int)) as TotalSalary
from Employees
group by City, Gender

--peaaegu sama p鋜ing, aga linnad on t鋒estikulises j鋜jestuses
select City, Gender, SUM(cast(Salary as int)) as TotalSalary
from Employees
group by City, Gender order by City

--on vaja teada, etmitu inimest on nimekirjas

Select COUNT(*) From Employees

--mitu t鲻tajat on soo ja linna kaupa t鲻tamas
select City, Gender, SUM(cast(Salary as int)) as TotalSalary,
COUNT(Id) as [Total Employee(s)]
from Employees
group by Gender, City

--kuvab kas naised v鮥 mehed linnade kaupa
--kasutage where

select City, Gender, SUM(cast(Salary as int)) as TotalSalary,
COUNT(Id) as [Total Employee(s)]
from Employees
Where Gender = 'Male'
group by Gender, City

--sama tulemus nagu eelmine, aga kasutame having

select City, Gender, SUM(cast(Salary as int)) as TotalSalary,
COUNT(Id) as [Total Employee(s)]
from Employees
group by Gender, City
Having Gender = 'Male'

--k鮥k kes teenivad rohkem kui 4000 (variandis peab error tulema)
select * from Employees
where SUM(cast(Salary as int)) > 4000

--teeme variandi, kus saame tulemuse
select  Gender, City, SUM(cast(Salary as int)) as TotalSalary,
COUNT(Id) as [Total Employee(s)]
from Employees
group by Gender, City
having SUM(CAST(salary as int)) > 4000

--loome tabeli, milles hakatakse automaatselt nummerdama Id-d
create table Test1
(
Id int identity(1,1),
Value nvarchar(20)
)

insert into Test1 values('X')
select * from Test1

--kustutame veeru nimega City Employees tabelist
alter table Emloyees 
drop column City

--inner join
--kuvab neid, kellel on DepartmentName al olemas v滗rtus
--mitte kattuvad read eemaldtakse tulemusest
--ja sellep鋜ast ei n鋓data Jamesi ja Russelit tabelis
--kuna neil on DepartmentId NULL
select Name, Gender, Salary, DepartmentName
from Employees
inner join Department 
on Employees.DepartmentId = Department.Id

--left join
select Name, Gender, Salary, DepartmentName
from Employees
left join Department --v鮥b kasutada ka LEFT OUTER JOIN-i
on Employees.DepartmentId = Department.Id
--uurige, mis on left join
--n鋓tab andmeid, kus vasakpoolsest tabelist isegi, siis kui sela puudub
--m鮪es reas v滗rtus

--right join
select Name, Gender, Salary, DepartmentName
from Employees
right join Department --v鮥b kasutada ka RIGHT OUTER JOIN-i
on Employees.DepartmentId = Department.Id
--right join n鋓tab paremas (Department) tabelis olevaid v滗rtuseid,
--mis ei 黨ti vasaku (Employees) tabeliga

--outer join
select Name, Gender, Salary, DepartmentName
from Employees
full outer join Department 
on Employees.DepartmentId = Department.Id
--m鮨ema tabeli read kuvab

--teha croos join
select Name, Gender, Salary, DepartmentName
from Employees
cross join Department 
--korrutab k鮥k omavahel l鋌i

--teha left join, kus Employees tabelist Department on null
select Name, Gender, Salary, DepartmentName
from Employees
left join Department 
on Employees.DepartmentId = Department.Id
where Employees.DepartmentId is NULL

--teine variant ja sama tulemus
select Name, Gender, Salary, DepartmentName
from Employees
left join Department 
on Employees.DepartmentId = Department.Id
where Department.Id is NULL
--n鋓tab ainult neid, kellel on vasakus tabelis (Employees)
--DepartmentId null

select Name, Gender, Salary, DepartmentName
from Employees
right join Department 
on Employees.DepartmentId = Department.Id
where Employees.DepartmentId is NULL
--n鋓tab ainult paremas tabelis olevat rida, 
--mis ei kattu Employees-ga.

--full join
--m鮨ema tabeli mitte-kattuvate v滗rtustega read kuvab v鋖ja
select Name, Gender, Salary, DepartmentName
from Employees
full join Department 
on Employees.DepartmentId = Department.Id
where Employees.DepartmentId is NULL
or Department.Id is null

--teete ArventureWorksLT2019 andmebaasile join p鋜inguid:
--inner join, left join, right join, cross join ja full join
--tabeleid sellesse andmebaasi juurde ei tohi teha

USE AdventureWorksLT2019
select NameStyle, Title, FirstName
from SalesLT.Customer
cross join SalesLT.CustomerAddress

USE AdventureWorksLT2019
select NameStyle, Title, FirstName
from SalesLT.Customer
inner join SalesLT.CustomerAddress
on SalesLT.CustomerAddress.CustomerId = SalesLT.Customer.CustomerId

USE AdventureWorksLT2019
select NameStyle, Title, FirstName
from SalesLT.Customer
left join SalesLT.CustomerAddress
on SalesLT.CustomerAddress.CustomerId = SalesLT.Customer.CustomerId

USE AdventureWorksLT2019
select NameStyle, Title, FirstName
from SalesLT.Customer
right join SalesLT.CustomerAddress
on SalesLT.CustomerAddress.CustomerId = SalesLT.Customer.CustomerId

USE AdventureWorksLT2019
select NameStyle, Title, FirstName
from SalesLT.Customer
full join SalesLT.CustomerAddress
on SalesLT.CustomerAddress.CustomerId = SalesLT.Customer.CustomerId
where SalesLT.CustomerAddress.CustomerId is NULL
or SalesLT.customer.CustomerId is NULL

--M鮪ikord peab muutuja ette kirjutama tabeli nimetuse nagu on Prodyct.Name,
--et editor saaks aru, et kumma tabeli muutujat soovitatakse kasutada ja ei tekiks
--segadust 
select Product.Name as [Product Name], ProductNumber, ListPrice,
ProductModel.Name as [Product Model Name],
Product.productModelId, ProductModel.ProductModelId
--m鮪ikord peab ka tabeli ette kirjutama t鋚sustuse info
--nagu on SalesLT.Product
from SalesLT.Product
inner join SalesLT.ProductModel
--antud juhul Producti tabelis ProductModelId v貂rv鮰i,
--mis ProdustModeli tabelis on primaatv鮰i
on Product.ProductModelId = ProductModel.ProductModelId

select isnull('Ingvar', 'No Manager') as Manager

--NULL asemel kuvab No Manager
select coalesce(NULL, 'No Manager') as Manager

alter table Employees 
add ManagerId int

--neile, kelle ei ole 黮emust, siis paneb No Manager teksti
--kasutage left joini
select E.Name as Employee, isnull(M.Name, 'No Manager') as Manager
from Employees E
left join Employees M
on E.ManagerId = M.Id

--kasutame inner joini
--kuvab ainult ManagerId all olevate isikute v滗rtused
select E.Name as Employee, isnull(M.Name, 'No Manager') as Manager
from Employees E
inner join Employees M
on E.ManagerId = M.Id

--k鮥k saavad k鮥kide 黮emused olla
select E.Name as Employee, isnull(M.Name, 'No Manager') as Manager
from Employees E
cross join Employees M

--lisame Employees tabelisse uued veerud
alter table Employees
add MiddleName nvarchar (30)

alter table Employees
add LastName nvarchar (30) 

select * from Employees 

--muudame olemasoleva veeru nimetust
sp_rename 'Employees.Name', 'FirstName'
